Product Id,Product Name,Type,Color,Weight_kg,Size,Company,Price,Quantity
P0001,Eco-friendly Doll,Toys,Blue,15.16,6,"Jones, Barker and Espinoza",112.37,54
P0002,Elegant Scarf,Accessories,Black,5.92,7,Smith-Villanueva,714.43,45
P0003,Premium Nail Polish,Beauty,Green,12.07,S,"Harmon, Rasmussen and Phillips",199.16,3
P0004,Elegant Skirt,Clothing,White,5.21,One Size,"Gutierrez, Williamson and Potter",905.57,1
P0005,Trendy Dress,Clothing,Pink,5.46,XXL,Johnson Inc,968.75,0
P0006,Modern Belt,Accessories,Blue,2.43,5,Schaefer PLC,489.01,2
P0007,Luxury Charm,Jewelry,Brown,4.14,M,Lee and Sons,655.71,98
P0008,Elegant Blouse,Clothing,Black,3.19,5,Cameron-Barron,501.78,93
P0009,Modern Wallet,Accessories,Green,18.21,XL,Warren-Martinez,214.28,79
P0010,Essential Caviar,Food,Orange,13.85,11,Scott PLC,121.54,30
P0011,Luxury Shirt,Clothing,Silver,11.6,11,Ferrell PLC,329.8,99
P0012,Eco-friendly Gourmet Popcorn,Food,Orange,11.21,9,"Rivera, Page and Murray",797.78,89
P0013,Essential Phone Case,Accessories,Red,12.68,L,Greer LLC,703.25,53
P0014,Elegant Chocolate Bar,Food,Brown,5.17,6,Anderson-Mann,670.21,77
P0015,Elegant Plant Pot,Home Decor,Purple,16.05,8,"Drake, Peters and Davis",969.21,11
P0016,Durable Artisan Cheese,Food,Gray,2.78,6,Howard LLC,46.5,14
P0017,Premium History Book,Books,Green,19.25,5,Reyes LLC,245.8,50
P0018,Premium Biography,Books,Purple,10.58,XXL,"Holland, Thomas and Neal",472.68,70
P0019,Luxury Lamp,Home Decor,Green,5.51,10,Mckee-Johnson,925.74,85
P0020,Trendy Gourmet Popcorn,Food,Pink,11.59,10,"Harrison, Howard and Benjamin",645.2,43
P0021,Essential Gourmet Coffee,Food,Pink,4.03,12,Carter-Hebert,821.12,60
P0022,Modern Jeans,Clothing,Gold,6.08,XXL,"Garza, Russo and Smith",982.47,48
P0023,Innovative Organic Tea,Food,Orange,4.67,XL,Abbott LLC,965.88,18
P0024,Durable Wall Art,Home Decor,Yellow,20,One Size,"Taylor, Coleman and Sullivan",110.02,23
P0025,Luxury Umbrella,Accessories,White,7.63,S,Vaughan PLC,684.85,78
P0026,Elegant Anklet,Jewelry,Black,9.93,12,Murphy-Flowers,640.98,29
P0027,Modern Face Cream,Beauty,Gray,14.13,One Size,Romero PLC,640.05,22
P0028,Premium Travel Guide,Books,Red,1.55,XS,"Wilson, Stanley and Robles",72.25,66
P0029,Modern Camera,Electronics,White,6.4,XL,Austin-White,287.56,76
P0030,Innovative Blouse,Clothing,Brown,10.17,9,Bernard-Walter,393.54,60
P0031,Elegant Pillow,Home Decor,Red,14.45,10,Welch Inc,133.69,4
P0032,Durable Board Game,Toys,Gray,7.35,9,Fernandez PLC,48.73,54
P0033,Classic Drone,Electronics,White,19.41,6,Yoder and Sons,988.82,2
P0034,Eco-friendly Pants,Clothing,Green,2.55,M,Fox-Martinez,404.32,41
P0035,Modern Tennis Racket,Sports,Green,1.19,S,"York, Tanner and Webb",346.01,39
P0036,Trendy Artisan Cheese,Food,Purple,1.09,XXL,Steele-Knight,876.62,47
P0037,Innovative Smartphone,Electronics,Pink,17.46,L,"Shelton, Jones and Fisher",418.47,59
P0038,Luxury Truffle,Food,Yellow,8.45,11,Gomez-Carter,342.22,96
P0039,Modern Wallet,Accessories,Gold,8.04,6,Bell-Butler,480.02,26
P0040,Classic Basketball,Sports,Gold,13.6,9,"Johnson, Gonzalez and Bates",402.85,87
P0041,Essential Handbag,Accessories,Yellow,7.63,8,Smith Ltd,389.83,13
P0042,Premium Wallet,Accessories,Pink,5.08,XXL,"Campbell, Harris and Pena",361.22,87
P0043,Classic Novel,Books,Blue,12.57,XL,"Rhodes, Moore and Reese",248.04,18
P0044,Premium Children's Book,Books,Gray,4.95,L,Jones LLC,797.52,1
P0045,Eco-friendly Eyeshadow Palette,Beauty,Red,13.47,S,"Yang, Wood and Sandoval",407.21,42
P0046,Durable Stuffed Animal,Toys,Black,6.27,9,Owens and Sons,976.78,34
P0047,Eco-friendly Tiara,Jewelry,Black,15.22,S,"Boyd, Khan and Mcdonald",678.08,56
P0048,Luxury Puzzle,Toys,Brown,16.27,6,"Cunningham, Blake and Martin",384.62,68
P0049,Innovative Smartphone,Electronics,Silver,5.26,S,Lewis Inc,478.92,7
P0050,Essential Face Mask,Beauty,Gold,4.33,L,French Ltd,248.49,21
P0051,Durable Shirt,Clothing,Green,19.66,XXL,Guzman-Palmer,67.81,60
P0052,Trendy Play Kitchen,Toys,Red,18.16,M,Jones LLC,566.16,13
P0053,Durable Charm,Jewelry,Silver,17.17,12,Perez-Davis,215.1,64
P0054,Innovative Phone Case,Accessories,Black,11.59,11,Keller and Sons,484.77,13
P0055,Innovative Poetry Collection,Books,Gray,14.61,12,Salazar LLC,839.47,60
P0056,Eco-friendly Poetry Collection,Books,Blue,19.72,M,Fisher Inc,511.98,85
P0057,Premium Caviar,Food,Brown,3.25,9,Sullivan-Cole,842.51,84
P0058,Trendy Perfume,Beauty,Brown,18.47,8,Weaver LLC,198.1,7
P0059,Durable Lamp,Home Decor,Pink,2.57,XS,"Randall, Sweeney and Kirby",104.54,50
P0060,Premium Biography,Books,Black,3.8,L,"Garrett, Montgomery and Levy",795.63,76
P0061,Eco-friendly Remote Control Car,Toys,Purple,15.1,XL,"Thomas, Fields and Mason",106.27,19
P0062,Trendy Blouse,Clothing,Gold,17.88,5,"Silva, Owen and Stanley",651.91,20
P0063,Classic Building Blocks,Toys,Silver,1.23,XS,Bryant Inc,63.45,100
P0064,Eco-friendly Travel Guide,Books,Green,7.6,7,Stanley Inc,159.85,51
P0065,Classic Phone Case,Accessories,Green,5.16,XL,"Sanchez, Patel and Tucker",855.68,24
P0066,Trendy Smoked Salmon,Food,Purple,10.5,12,Jones-Reed,914.18,23
P0067,Premium Moisturizer,Beauty,Yellow,10.13,5,"Snyder, Edwards and Kennedy",367.75,87
P0068,Eco-friendly Face Cream,Beauty,Silver,18.05,XL,"Castro, Moore and Chapman",556.07,60
P0069,Classic Hat,Accessories,Pink,12.28,5,"Boyd, Vargas and Henry",768.21,36
P0070,Innovative Coat,Clothing,Blue,17.07,12,Hunter-Greene,529.65,17
P0071,Elegant Soccer Ball,Sports,Yellow,5,XL,Bowen-Tapia,475.42,13
P0072,Premium Scarf,Accessories,Blue,18.26,L,Green Inc,747.84,18
P0073,Elegant Puzzle,Toys,Red,4.85,7,"Bass, Miller and Montgomery",680.62,97
P0074,Trendy Headphones,Electronics,Blue,13.38,5,"Wilkins, Myers and Garner",343.88,81
P0075,Trendy Truffle,Food,Yellow,6.52,One Size,"Rodriguez, Mckee and Snyder",193.89,22
P0076,Premium Gloves,Accessories,Green,12.77,XS,Richardson-Morris,656.16,4
P0077,Trendy Coat,Clothing,Gold,19.47,S,Anderson Inc,44.26,24
P0078,Durable Golf Clubs,Sports,Black,17.56,11,David Ltd,708.41,8
P0079,Luxury Lipstick,Beauty,Orange,14.33,One Size,Mcdaniel-Hall,265.66,33
P0080,Trendy Charm,Jewelry,Gray,6.27,M,Mills-Smith,454.99,51
P0081,Innovative Skirt,Clothing,Pink,16.86,9,Williams LLC,942.19,1
P0082,Trendy Belt,Accessories,Black,15.71,XS,Stanley and Sons,839.4,49
P0083,Luxury Brooch,Jewelry,White,4.2,9,"Beck, Pearson and Ballard",396.3,46
P0084,Innovative Wallet,Accessories,Black,19.65,5,Gay-Mendez,850.6,26
P0085,Innovative Hair Dryer,Beauty,Silver,9.51,5,Lozano PLC,504.92,15
P0086,Essential Biography,Books,Blue,3.25,12,"Smith, Pierce and Gonzalez",301.61,64
P0087,Essential Spice Set,Food,Black,7.32,6,"Beard, Hutchinson and Heath",294.16,97
P0088,Durable Wall Art,Home Decor,Black,12.67,One Size,Hernandez Ltd,785.43,37
P0089,Trendy Olive Oil,Food,Green,12.88,XXL,Collier Ltd,571.62,52
P0090,Classic Golf Clubs,Sports,Red,8.23,L,Sanchez-Smith,588.86,8
P0091,Luxury Necklace,Jewelry,Brown,15.22,7,"Gonzalez, Shields and Mitchell",23.51,30
P0092,Elegant Puzzle,Toys,Green,16.28,XXL,"Burton, Adams and Padilla",193.51,51
P0093,Classic Mirror,Home Decor,Red,3.58,12,Beltran-Bridges,853.22,91
P0094,Durable Lipstick,Beauty,Gold,9.83,One Size,"Hill, Hale and Fitzgerald",916.15,35
P0095,Eco-friendly Laptop,Electronics,Brown,9.11,XXL,Schmidt Inc,747.47,54
P0096,Durable Suit,Clothing,Orange,9.27,L,Glenn-Long,102.57,23
P0097,Durable Scarf,Accessories,Pink,16.18,5,Bradley Group,7.23,90
P0098,Essential Soccer Ball,Sports,Gold,5.78,XXL,"Torres, Evans and Little",701.3,88
P0099,Premium Clock,Home Decor,Blue,7.6,L,"Duncan, Anderson and Gaines",533,64
P0100,Durable Organic Tea,Food,Brown,9.58,7,Vasquez-Vincent,668.05,79
P0101,Luxury Pants,Clothing,Gray,4.53,One Size,Davidson Ltd,670.94,89
P0102,Elegant Caviar,Food,Orange,13.11,10,"Pitts, Schultz and Case",238.48,22
P0103,Essential Gloves,Accessories,Orange,14.73,5,"Perez, Wright and Patel",956.82,100
P0104,Luxury Camera,Electronics,Brown,3,S,Lawrence and Sons,199.46,37
P0105,Luxury Pants,Clothing,Orange,9.69,XXL,Anderson Inc,222.38,97
P0106,Elegant Skateboard,Sports,Gray,8.99,7,Walter-Kramer,937.61,26
P0107,Premium Bracelet,Jewelry,Yellow,10.46,XL,Mitchell-Gonzales,930.12,44
P0108,Elegant Golf Clubs,Sports,Gray,6.22,One Size,Sanchez and Sons,991.3,27
P0109,Innovative Headphones,Electronics,Black,2.79,8,"Lopez, Sandoval and Lewis",628.37,61
P0110,Elegant Headphones,Electronics,White,1.04,7,Perez Group,995.61,56
P0111,Innovative Skateboard,Sports,Blue,19.14,8,"Patrick, Anderson and Martin",280.63,76
P0112,Classic Hat,Accessories,Yellow,14.81,XL,"Johnson, Harvey and Bentley",756.65,71
P0113,Durable Science Kit,Toys,Purple,8.58,11,"White, Wright and Marshall",690.2,75
P0114,Classic Lamp,Home Decor,Silver,4.67,XL,"Garcia, Diaz and Oliver",965.03,48
P0115,Elegant Mascara,Beauty,Purple,17.32,One Size,Malone Ltd,660.07,99
P0116,Classic Picture Frame,Home Decor,Blue,19.48,6,Harris Inc,166.46,1
P0117,Essential Handbag,Accessories,Purple,6.86,M,Boyle Inc,384.42,43
P0118,Eco-friendly Science Fiction,Books,Orange,12.45,8,"Perez, Campbell and Smith",303.64,98
P0119,Innovative Gaming Console,Electronics,White,3.39,XXL,Sanchez Inc,876.13,30
P0120,Trendy Ring,Jewelry,Red,18.84,XS,"Garner, Smith and Callahan",151.46,27
P0121,Premium Gourmet Coffee,Food,Gold,15.71,M,Richardson-Barnes,578.59,63
P0122,Luxury Necklace,Jewelry,Purple,14.72,8,Luna PLC,208.7,74
P0123,Durable Remote Control Car,Toys,White,19.66,6,Mcfarland-Huff,477.78,86
P0124,Innovative Building Blocks,Toys,Brown,18.28,6,Hughes Ltd,219.9,20
P0125,Modern Art Set,Toys,Gold,15.53,12,Bell Group,214.48,62
P0126,Innovative Sunglasses,Accessories,Black,5.86,7,Davis and Sons,713.66,93
P0127,Modern Spice Set,Food,White,9.26,12,Welch-Wright,348.37,58
P0128,Eco-friendly Mirror,Home Decor,Black,19.09,5,Sweeney PLC,590.56,21
P0129,Eco-friendly Remote Control Car,Toys,Green,12.47,M,"Rogers, Sheppard and Stewart",165.57,27
P0130,Durable Science Fiction,Books,Red,16.71,10,Medina-Moore,426.01,78
P0131,Innovative Speaker,Electronics,Yellow,7.14,XL,Woods-Pittman,220.92,1
P0132,Luxury Eyeshadow Palette,Beauty,White,14.74,7,Miller-Bridges,377.32,57
P0133,Innovative Remote Control Car,Toys,Yellow,14.03,11,"Jones, Wright and Wagner",80.04,42
P0134,Elegant Truffle,Food,Yellow,0.32,M,Ball and Sons,297.92,96
P0135,Durable Gourmet Coffee,Food,Green,1.11,XL,"Taylor, Malone and Cruz",525.28,81
P0136,Elegant Picture Frame,Home Decor,Pink,1.1,L,Paul Ltd,923.19,81
P0137,Classic Poetry Collection,Books,Blue,11.58,XS,Gutierrez-Hughes,755.23,82
P0138,Classic Truffle,Food,Green,18.38,12,"Clark, Potter and Soto",363.2,49
P0139,Elegant Gaming Console,Electronics,Yellow,15.24,One Size,Powers Ltd,976.92,4
P0140,Trendy Board Game,Toys,Silver,4.93,8,Richard-Eaton,325.17,16
P0141,Eco-friendly Building Blocks,Toys,Brown,17.72,12,"Brown, Peterson and Knight",655.24,81
P0142,Elegant Sweater,Clothing,Yellow,11.12,One Size,"Bryan, Grant and Hernandez",563.15,9
P0143,Durable Coat,Clothing,Orange,3.95,XXL,"Burton, Barry and Frost",536.41,87
P0144,Eco-friendly Art Set,Toys,Pink,14.96,XL,"Rowe, Smith and Johnson",242.2,58
P0145,Trendy Shirt,Clothing,Brown,12.73,11,Brown-Johnson,686.71,34
P0146,Premium Soccer Ball,Sports,White,13.24,5,Doyle-Dunn,858.1,97
P0147,Innovative Speaker,Electronics,Green,3.14,12,"Austin, Roberts and Ferguson",637.32,90
P0148,Modern Lipstick,Beauty,White,15.55,XXL,Russo-Rodriguez,432.51,7
P0149,Elegant Jacket,Clothing,Gray,14.37,8,Knight-Orozco,780.61,92
P0150,Classic Novel,Books,White,12.55,11,"Curry, Simmons and Jones",331,61
P0151,Trendy Spice Set,Food,Purple,9.68,10,"Mathews, Dunn and Smith",382.24,92
P0152,Premium Gourmet Popcorn,Food,White,7.45,XS,"Stevenson, Le and Morrison",238.91,15
P0153,Premium Face Mask,Beauty,White,4.13,S,Coleman-Brown,571.68,15
P0154,Innovative Wall Art,Home Decor,Gold,6.54,11,Oneill Ltd,886.63,51
P0155,Luxury Face Mask,Beauty,Gold,7.58,5,"Velez, Rush and Moody",718.21,76
P0156,Elegant Self-Help Book,Books,Brown,12.57,XS,"Lee, Leach and Phelps",280.58,78
P0157,Classic Smoked Salmon,Food,Yellow,14.34,11,"Bradley, Moreno and Medina",503.94,47
P0158,Innovative Vase,Home Decor,Silver,8.2,XS,Hardy Ltd,92.21,60
P0159,Classic Gourmet Popcorn,Food,Green,9,10,"Mejia, Skinner and Williams",258.66,53
P0160,Trendy Basketball,Sports,White,13.06,9,Luna and Sons,607.04,18
P0161,Durable Wallet,Accessories,Pink,3.02,S,Faulkner and Sons,792.06,29
P0162,Innovative Coat,Clothing,Yellow,7.45,M,Smith LLC,647.86,36
P0163,Essential Mascara,Beauty,Blue,17.46,9,Livingston Inc,790.35,1
P0164,Modern Caviar,Food,Yellow,2.28,5,Lam-Roberts,403.14,93
P0165,Essential Jeans,Clothing,Silver,10.22,S,"Johnson, Adkins and Garcia",903.37,22
P0166,Modern Organic Tea,Food,Purple,3.1,S,"Hill, Gomez and Murphy",145.46,52
P0167,Innovative Mirror,Home Decor,Gray,12.78,10,"Myers, Cowan and Gallagher",729.81,7
P0168,Elegant TV,Electronics,Green,16.24,One Size,Hughes-Scott,135.53,63
P0169,Eco-friendly Yoga Mat,Sports,Brown,1.65,8,Aguirre-Robertson,858.58,18
P0170,Elegant Golf Clubs,Sports,White,15.05,12,Morris-Goodman,398.92,21
P0171,Essential Self-Help Book,Books,Blue,2.68,XS,Smith and Sons,970.26,88
P0172,Innovative Face Mask,Beauty,Red,17.34,S,Torres-Nelson,571.75,0
P0173,Classic Olive Oil,Food,Silver,9.44,7,James Ltd,688.21,9
P0174,Innovative Handbag,Accessories,Gray,7.95,11,"Leonard, Blanchard and Kelly",295.76,28
P0175,Luxury Smoked Salmon,Food,Silver,17.67,5,"Frazier, Rodriguez and Hickman",368,46
P0176,Essential Action Figure,Toys,Purple,14.64,10,Johnson-Morgan,319.28,24
P0177,Classic Drone,Electronics,Orange,17.55,10,Benson LLC,772.26,12
P0178,Innovative Biography,Books,Red,12.03,XXL,Andrews PLC,588.92,23
P0179,Innovative Remote Control Car,Toys,Yellow,12.81,S,Valdez LLC,362.17,82
P0180,Modern Olive Oil,Food,Black,11.01,L,Gutierrez and Sons,258.56,38
P0181,Eco-friendly Perfume,Beauty,Black,9.76,7,Robertson-Morris,132.44,54
P0182,Durable Lamp,Home Decor,Brown,4.2,XL,Sparks Group,527.72,39
P0183,Premium Spice Set,Food,Red,9.88,XL,Schneider-White,421.7,23
P0184,Essential Hat,Accessories,Black,6.2,6,"Tran, Stafford and Ramos",79.07,85
P0185,Durable Golf Clubs,Sports,Brown,12.03,7,"Anderson, Gibbs and Howe",553.44,10
P0186,Eco-friendly Jacket,Clothing,Red,1.64,L,Coleman and Sons,936.7,58
P0187,Modern Speaker,Electronics,Pink,13.48,M,Harris-Baldwin,665.82,3
P0188,Modern Gaming Console,Electronics,Purple,14.03,S,Chandler-Williams,446.23,73
P0189,Durable Earrings,Jewelry,Yellow,10.01,11,Bridges-Richards,601.94,93
P0190,Essential Smartphone,Electronics,Yellow,5.65,7,Richmond-Mueller,23.73,49
P0191,Luxury Rug,Home Decor,Pink,18.82,7,"Cox, Ford and Dickson",100.2,45
P0192,Classic Board Game,Toys,Brown,2.83,S,Ramirez-Leonard,735.91,51
P0193,Premium Shampoo,Beauty,Pink,3.71,12,Mitchell Ltd,666.06,79
P0194,Classic Puzzle,Toys,Pink,8.88,9,Morgan Ltd,833.64,24
P0195,Classic Shirt,Clothing,Yellow,18.08,XL,Lang LLC,714.21,83
P0196,Elegant Wallet,Accessories,Pink,13.83,S,"Diaz, Rosario and Banks",456.8,42
P0197,Classic Rug,Home Decor,Green,10.69,11,Brown and Sons,657.55,81
P0198,Eco-friendly Poetry Collection,Books,Red,19.46,S,Reynolds Ltd,502.95,84
P0199,Trendy Pants,Clothing,Black,9.23,8,Herrera-Frazier,948.42,4
P0200,Premium Shampoo,Beauty,Yellow,6.25,M,Thomas-Castillo,981.77,25
P0201,Classic Belt,Accessories,White,18.78,S,"Castillo, Keith and Sanders",358.52,77
P0202,Elegant Clock,Home Decor,Pink,18.25,L,Zamora Inc,81.82,16
P0203,Modern Cookbook,Books,Gray,2.83,S,Best Inc,551.23,19
P0204,Durable Dress,Clothing,Purple,10.79,10,Smith-Savage,602.22,4
P0205,Innovative Laptop,Electronics,Yellow,9.51,XS,Roy-Lopez,386.98,51
P0206,Luxury Dumbbell Set,Sports,Brown,14.01,11,Phelps-Pruitt,64.56,91
P0207,Durable Face Cream,Beauty,Pink,7.34,XL,Woods-Smith,387.23,95
P0208,Durable Sunglasses,Accessories,Gold,13.35,XS,Stephens and Sons,292.54,97
P0209,Luxury Pants,Clothing,Green,5.88,10,"Perez, Bush and Brown",58.78,82
P0210,Classic Puzzle,Toys,Yellow,15.04,10,Perez-Taylor,220.18,95
P0211,Essential History Book,Books,Black,16.3,S,"Lopez, Wright and Ortiz",875.5,32
P0212,Modern Hat,Accessories,Silver,7.61,8,Watkins-Peterson,519.84,10
P0213,Premium Shirt,Clothing,Black,16.32,7,Pineda-Collins,283.86,51
P0214,Premium Artisan Cheese,Food,Green,18.67,6,"Thornton, Adams and Lindsey",460.78,32
P0215,Premium Brooch,Jewelry,Orange,17.03,M,"Hall, Lopez and Byrd",776.07,48
P0216,Innovative Wall Art,Home Decor,Black,17.46,XL,"Brown, Chase and Thornton",647.7,97
P0217,Essential Headphones,Electronics,Silver,8.69,8,Lopez LLC,576.18,70
P0218,Innovative Building Blocks,Toys,Green,11.34,L,Werner LLC,381.16,95
P0219,Premium Lipstick,Beauty,Blue,5.3,XL,Humphrey Inc,711.74,52
P0220,Durable Gourmet Popcorn,Food,Black,14.52,11,Peters PLC,203.57,37
P0221,Essential Novel,Books,Black,13.15,M,Preston-Mckenzie,440.72,29
P0222,Eco-friendly Skirt,Clothing,Gray,19.27,XL,"Griffin, Miller and Hill",444.22,82
P0223,Trendy Puzzle,Toys,Orange,13.28,6,Greene and Sons,480.35,26
P0224,Elegant Shirt,Clothing,Green,19.03,S,Johnson LLC,556.11,63
P0225,Modern Smoked Salmon,Food,Black,4.52,7,Hernandez and Sons,634.42,89
P0226,Eco-friendly Face Cream,Beauty,Purple,18.2,11,"Acosta, Miller and Walker",126.35,6
P0227,Modern Anklet,Jewelry,Black,12.75,5,Cantrell Group,539.08,89
P0228,Elegant Bicycle,Sports,Pink,8.2,5,Cooley Inc,112.51,85
P0229,Premium Basketball,Sports,Green,7.54,7,"Torres, Beck and Black",295.04,71
P0230,Innovative Phone Case,Accessories,Red,4.8,XXL,Moore Ltd,155.6,8
P0231,Luxury Gourmet Popcorn,Food,Brown,3.81,One Size,Stewart-Moyer,417.76,65
P0232,Modern Art Set,Toys,Green,15.29,8,Donaldson-Villegas,448.19,75
P0233,Elegant Remote Control Car,Toys,Yellow,7.84,XL,"Rivera, Jensen and Perkins",860.49,31
P0234,Elegant Soccer Ball,Sports,Orange,12.22,9,Harrison Group,855.27,97
P0235,Durable Basketball,Sports,Black,4.15,7,"Graham, Moore and Peters",529.06,68
P0236,Elegant Plant Pot,Home Decor,Pink,4.19,M,Evans-Good,451.03,36
P0237,Durable Organic Tea,Food,Gray,14.45,XXL,Kane-Kelley,90.56,13
P0238,Elegant Umbrella,Accessories,Silver,2.05,12,Davis-Hanson,682.72,25
P0239,Luxury Vase,Home Decor,White,16.67,XS,Davis-Moss,819.77,22
P0240,Luxury Board Game,Toys,Silver,9.44,8,Sanchez and Sons,576.46,37
P0241,Modern Yoga Mat,Sports,Gray,2.15,6,Gutierrez-Crawford,869.29,55
P0242,Classic Handbag,Accessories,White,1.7,XXL,"Drake, Kirk and Kim",572.85,54
P0243,Essential Perfume,Beauty,Purple,18.24,6,Williams-Lewis,819.79,45
P0244,Durable Dumbbell Set,Sports,Yellow,3.58,12,"Mullins, Wagner and Howard",297.39,18
P0245,Innovative Lamp,Home Decor,Yellow,15.42,10,"Jones, Clark and Lara",930.44,53
P0246,Classic Golf Clubs,Sports,Pink,11.43,11,"Taylor, Schroeder and Sims",674.82,18
P0247,Eco-friendly Olive Oil,Food,Green,8.46,9,Frank-Byrd,487.28,86
P0248,Durable Action Figure,Toys,Yellow,9.72,12,Juarez Inc,363.48,100
P0249,Modern Jeans,Clothing,Orange,8.09,6,Schneider-Marquez,570.99,77
P0250,Essential Building Blocks,Toys,Gray,1.37,9,Jarvis LLC,624.86,17
P0251,Innovative Children's Book,Books,Pink,1.57,6,Cherry-Rubio,890.63,31
P0252,Innovative Ring,Jewelry,Silver,0.7,S,Sherman-Hicks,330.8,91
P0253,Trendy Suit,Clothing,Red,8.44,8,"Odonnell, Heath and Thornton",971.52,43
P0254,Premium Handbag,Accessories,Brown,9.93,10,Wolfe and Sons,97.32,92
P0255,Eco-friendly Art Book,Books,Gray,2.8,8,Johnson-Allen,530.71,44
P0256,Innovative Skateboard,Sports,Orange,19.34,XXL,Erickson and Sons,104.25,0
P0257,Essential Puzzle,Toys,Green,2.01,10,"Payne, Hudson and Phillips",358.24,69
P0258,Durable Face Mask,Beauty,Pink,7.79,11,Sanchez-Wilson,619.01,57
P0259,Modern Smartwatch,Electronics,Red,17.67,One Size,"Hall, Davila and Page",325,9
P0260,Elegant Wall Art,Home Decor,Red,17.15,XL,"Skinner, Smith and Reynolds",372.42,71
P0261,Essential Earrings,Jewelry,Yellow,14.76,12,Chen-Goodwin,63.13,55
P0262,Essential Candle Holder,Home Decor,Yellow,19.77,One Size,Hall Group,226.07,54
P0263,Classic Skateboard,Sports,Red,10.63,S,Estrada-Garcia,996.69,89
P0264,Elegant Tennis Racket,Sports,Gold,16.65,XXL,"Beck, White and Roberts",621.53,20
P0265,Innovative Picture Frame,Home Decor,Silver,18.07,8,Hernandez LLC,593.93,10
P0266,Innovative Puzzle,Toys,Gold,4.57,M,Everett-Haley,442.91,37
P0267,Essential Organic Tea,Food,Black,8.39,S,"Riley, Valdez and Davis",613.63,38
P0268,Innovative Travel Guide,Books,Green,17.39,7,Powers Group,475.87,6
P0269,Durable Basketball,Sports,Black,8.85,XS,"Campbell, Roberson and Davis",866.47,70
P0270,Essential Bicycle,Sports,Silver,9.82,5,Beard Inc,435.34,54
P0271,Innovative Sunglasses,Accessories,Silver,9.48,11,Peters-Tate,351.77,65
P0272,Durable Camera,Electronics,Blue,4.83,L,Smith Group,836.74,60
P0273,Modern Gaming Console,Electronics,Red,5.13,11,White Group,36.3,89
P0274,Luxury Brooch,Jewelry,Black,4.09,XXL,Mitchell PLC,600.45,64
P0275,Classic Tie,Accessories,Brown,14.07,S,"Brewer, French and Willis",114.99,59
P0276,Classic Gourmet Popcorn,Food,Brown,16.96,M,"King, Hughes and Evans",875.88,47
P0277,Trendy Camera,Electronics,Brown,14.58,XS,Walker PLC,607.78,19
P0278,Modern Hair Dryer,Beauty,Gray,17.21,7,"Adkins, Davidson and Carter",643.04,57
P0279,Innovative Action Figure,Toys,Orange,0.3,S,Meyers PLC,26.6,36
P0280,Eco-friendly Tennis Racket,Sports,Brown,13.25,10,Miller LLC,861.63,20
P0281,Essential Umbrella,Accessories,Orange,16.93,XS,Perkins Inc,659.56,48
P0282,Elegant Watch,Jewelry,Pink,1.16,XXL,Powers-Jones,634.14,75
P0283,Elegant Wallet,Accessories,Pink,8.99,L,Smith Ltd,552.54,51
P0284,Durable Suit,Clothing,Black,12.22,XXL,Nixon Ltd,595.05,58
P0285,Eco-friendly Truffle,Food,Brown,15.97,10,"Alvarez, Harris and Russo",709.46,59
P0286,Essential Doll,Toys,Pink,12.26,S,Butler Ltd,199.37,51
P0287,Elegant Drone,Electronics,Brown,16.41,5,"Kramer, Vazquez and Padilla",947.4,33
P0288,Durable Spice Set,Food,Gray,12.14,7,Maynard-Perez,238.47,91
P0289,Modern Smoked Salmon,Food,Pink,0.29,S,Evans-Delgado,997.48,19
P0290,Eco-friendly Self-Help Book,Books,Brown,7.06,10,Webster-Vega,999.16,18
P0291,Classic Eyeshadow Palette,Beauty,Pink,8.53,7,Lyons Ltd,689.13,9
P0292,Innovative Tiara,Jewelry,Silver,5.52,6,Rose Inc,333.9,100
P0293,Trendy Vase,Home Decor,Brown,9.33,One Size,"Alexander, Young and Adams",682.37,95
P0294,Classic Umbrella,Accessories,Red,17.15,XS,White Group,946.36,2
P0295,Premium Tennis Racket,Sports,Blue,18.63,M,Moore LLC,94.47,33
P0296,Essential Novel,Books,Orange,0.56,XS,Middleton-Schwartz,258.92,68
P0297,Luxury Scarf,Accessories,Gray,17.46,11,"Brown, Mendoza and Miller",74.86,11
P0298,Luxury Sweater,Clothing,Green,9.5,M,Conner PLC,176.89,45
P0299,Durable Smartwatch,Electronics,Green,15.78,XS,Wood Inc,61.66,42
P0300,Classic Laptop,Electronics,Gray,14.77,12,"Brown, Brown and Barron",378.55,32
P0301,Premium Speaker,Electronics,Black,12.36,12,Williams Ltd,179.93,67
P0302,Trendy Picture Frame,Home Decor,Orange,2.52,9,Maddox Ltd,537.52,33
P0303,Modern Children's Book,Books,Red,17.06,11,Reynolds-Chan,577.31,55
P0304,Classic Shirt,Clothing,Gray,2.12,6,Romero Inc,929.67,54
P0305,Luxury Drone,Electronics,Yellow,12.99,7,Davis Inc,424.43,99
P0306,Durable Caviar,Food,Silver,11.25,11,Ayala-Taylor,266.78,43
P0307,Trendy Clock,Home Decor,Pink,2.1,12,Scott Group,823.93,37
P0308,Essential Necklace,Jewelry,Brown,1.7,S,"Wilson, Sweeney and Hardy",71.74,7
P0309,Classic Artisan Cheese,Food,Blue,10.89,L,"Rodriguez, Clark and Roberts",951.98,22
P0310,Premium Cufflinks,Jewelry,Gold,4.54,L,Monroe-Smith,929.9,54
P0311,Trendy Sweater,Clothing,Purple,4.51,8,Sosa and Sons,652.31,83
P0312,Elegant Earrings,Jewelry,Black,18.41,XXL,Davis-Salas,833.96,46
P0313,Trendy Smartwatch,Electronics,Silver,15.33,One Size,Brooks Ltd,191.14,50
P0314,Durable Smartwatch,Electronics,Pink,14.04,XS,Perez LLC,104.19,74
P0315,Luxury Shampoo,Beauty,White,5.08,7,Mendoza-Gallegos,674.69,94
P0316,Durable Gourmet Popcorn,Food,Blue,17.03,8,Jennings-Harper,10.94,15
P0317,Eco-friendly Phone Case,Accessories,Gold,9.85,9,Davis-Blevins,941.72,26
P0318,Durable History Book,Books,Blue,18.25,7,Johnson Inc,499.74,66
P0319,Classic Face Cream,Beauty,Red,4.93,XXL,Brown Ltd,527.24,77
P0320,Essential Caviar,Food,Gold,19.71,12,Hart-Melton,771.24,33
P0321,Trendy Candle Holder,Home Decor,Silver,17.15,M,Garcia Ltd,95.42,27
P0322,Luxury Olive Oil,Food,Red,15.36,12,May-Holmes,179.41,53
P0323,Elegant Chocolate Bar,Food,Yellow,16.06,M,Ware Ltd,51.56,47
P0324,Essential Tablet,Electronics,Blue,11.86,5,Williams LLC,45.4,3
P0325,Trendy Basketball,Sports,Blue,11.52,XL,James Inc,215.1,73
P0326,Innovative Hat,Accessories,Blue,8.26,One Size,"Hunter, Johnson and Washington",191.57,72
P0327,Classic Gourmet Popcorn,Food,Gray,9.63,10,Barrett and Sons,636.72,80
P0328,Durable Chocolate Bar,Food,White,12.62,XL,"Nelson, Coleman and Reeves",851.05,67
P0329,Elegant Clock,Home Decor,Blue,3.62,S,"Baker, Rodriguez and Rosales",26.55,1
P0330,Elegant TV,Electronics,Green,11.08,11,Stephenson Inc,743.29,79
P0331,Luxury Rug,Home Decor,Silver,2.55,XL,Franklin-Pratt,903.71,5
P0332,Essential Tie,Accessories,Silver,16.85,S,"Perry, Hines and Clark",947.65,0
P0333,Classic Basketball,Sports,Brown,15.93,S,Richard and Sons,929.2,21
P0334,Modern Basketball,Sports,Gray,2.73,One Size,Brown-Anderson,982.32,71
P0335,Luxury Smartphone,Electronics,Orange,11.66,12,Williams-Martin,107.73,71
P0336,Premium Anklet,Jewelry,Red,4.51,8,Lewis and Sons,915.33,65
P0337,Innovative Smartwatch,Electronics,Red,18.69,11,Robertson LLC,638.99,10
P0338,Classic Cufflinks,Jewelry,Brown,18.18,8,Graves PLC,520.7,10
P0339,Eco-friendly History Book,Books,Purple,18.22,XS,Shea-Roberson,879.49,40
P0340,Eco-friendly Gourmet Coffee,Food,Brown,3.79,S,"Cook, Hernandez and Shepherd",715.72,40
P0341,Premium Hat,Accessories,Black,16.07,XS,Taylor PLC,512.47,43
P0342,Eco-friendly Pants,Clothing,Gold,5.52,9,Wilson LLC,879.59,52
P0343,Elegant Gloves,Accessories,Gold,15.24,7,Jones Inc,103.31,71
P0344,Elegant Science Fiction,Books,Gray,14.06,One Size,"Parks, Russell and Davis",792.22,56
P0345,Essential Swimsuit,Sports,Gray,3.75,S,Knox and Sons,308.33,9
P0346,Innovative Stuffed Animal,Toys,Orange,2.49,XS,"Lawrence, Martin and Spencer",664.32,7
P0347,Essential Chocolate Bar,Food,Gray,10.87,S,Williams and Sons,87.67,92
P0348,Luxury Drone,Electronics,Black,0.26,M,Bailey-Bailey,62.49,33
P0349,Elegant Wallet,Accessories,Yellow,6.5,8,Hall Inc,286.93,85
P0350,Durable Wallet,Accessories,Purple,1.88,XL,Wilson PLC,790.42,75
P0351,Classic Picture Frame,Home Decor,Gold,1.98,10,Mccall Group,708.48,99
P0352,Luxury Play Kitchen,Toys,Silver,19.51,S,"Howard, Graham and White",370.08,37
P0353,Essential Handbag,Accessories,Gold,19.33,XS,"Silva, Moreno and Craig",412.21,96
P0354,Premium Board Game,Toys,Red,13.34,One Size,Patterson-Smith,400.97,87
P0355,Premium Stuffed Animal,Toys,Red,9.77,8,"Payne, Johnston and Murphy",431.3,6
P0356,Luxury Charm,Jewelry,Gold,9.05,12,"Soto, West and Le",748.42,95
P0357,Premium Drone,Electronics,Pink,12.78,7,Young LLC,46.84,11
P0358,Trendy Poetry Collection,Books,Red,5.09,M,Andrade and Sons,250.34,89
P0359,Classic Scarf,Accessories,Gray,3.41,6,"Garcia, Knight and Carey",397.23,87
P0360,Luxury Vase,Home Decor,Silver,12.41,9,Soto-Rogers,953.22,95
P0361,Durable Jeans,Clothing,Silver,3.29,XXL,Wolf-Blair,949.66,80
P0362,Essential Lipstick,Beauty,Yellow,5.64,7,"Henry, Hill and Lee",349.65,30
P0363,Essential Stuffed Animal,Toys,Yellow,0.11,XS,"Hamilton, Henry and Morgan",907.36,78
P0364,Luxury Doll,Toys,Gold,11.74,11,Moreno-Mccarty,262.03,78
P0365,Elegant Doll,Toys,Green,8.88,11,Harris Inc,724.81,39
P0366,Essential Phone Case,Accessories,Brown,0.51,XS,Velez-Williams,151.29,98
P0367,Elegant Lamp,Home Decor,Purple,10.09,9,Mann-Fuller,26.2,53
P0368,Innovative Children's Book,Books,Gray,18.68,11,Coleman-Davis,442.71,70
P0369,Durable Picture Frame,Home Decor,Pink,9.99,9,"Patterson, Gonzalez and Martin",451,62
P0370,Classic Rug,Home Decor,Gray,0.8,9,Hanna-Stephenson,881.38,75
P0371,Trendy Smartwatch,Electronics,Red,11.91,L,Hernandez-Rose,750.88,53
P0372,Eco-friendly Running Shoes,Sports,Pink,4.38,11,Thompson PLC,255.81,56
P0373,Classic Art Set,Toys,Gold,12.86,One Size,Castro PLC,481.17,24
P0374,Classic Hair Dryer,Beauty,Gold,9.02,5,Bullock-Owens,377.49,76
P0375,Modern Novel,Books,Gold,5.53,9,Reed-Brown,459.88,94
P0376,Elegant Board Game,Toys,White,16.48,8,"Robinson, Kelly and Edwards",498.87,98
P0377,Durable Plant Pot,Home Decor,Purple,11.73,6,Jones PLC,284.49,1
P0378,Durable Caviar,Food,Blue,7.2,L,Chavez-Randolph,97.94,1
P0379,Elegant Sweater,Clothing,Silver,2.14,S,Johnson LLC,184.15,73
P0380,Classic Picture Frame,Home Decor,Green,4.43,8,Williams-Moore,985.22,93
P0381,Eco-friendly Jeans,Clothing,Black,10.34,12,"Edwards, Brown and Lynch",851.28,29
P0382,Eco-friendly Children's Book,Books,Red,16.78,XL,Hernandez-Duffy,32.22,70
P0383,Luxury Art Set,Toys,White,6.02,6,"Martinez, Clark and Chang",148.05,85
P0384,Classic Travel Guide,Books,Silver,7.66,6,"Washington, Robertson and Adams",830.42,17
P0385,Durable Drone,Electronics,White,0.91,S,Delacruz Group,454.19,45
P0386,Innovative Tiara,Jewelry,Orange,16.41,8,Jackson Ltd,929.93,29
P0387,Durable Laptop,Electronics,Pink,8.64,11,Shelton-Barker,844.43,22
P0388,Trendy Gaming Console,Electronics,Orange,11.35,S,"Zuniga, Chang and Brooks",108.1,69
P0389,Trendy Smoked Salmon,Food,Black,12.52,10,Johnson-Wilkerson,235.52,16
P0390,Classic Drone,Electronics,Blue,2.82,8,Dixon-Horn,618.83,14
P0391,Elegant Skateboard,Sports,Red,6.71,One Size,"Torres, Smith and Owens",799.34,1
P0392,Essential Doll,Toys,Blue,4.55,7,Nelson Ltd,496.25,92
P0393,Premium Shampoo,Beauty,Gray,13.81,12,Mora LLC,838.56,55
P0394,Luxury Tablet,Electronics,Pink,10.78,6,"Shannon, Hernandez and Johnson",519.71,10
P0395,Innovative Camera,Electronics,Purple,8,XS,"Rocha, Gonzalez and Williams",492.79,95
P0396,Modern Gaming Console,Electronics,Blue,13.86,8,"Howard, Mccall and Hughes",410.99,83
P0397,Essential Swimsuit,Sports,Pink,16.74,6,Bailey-Munoz,944.34,7
P0398,Essential Tennis Racket,Sports,Gold,13.47,9,"Ortega, Webb and Wagner",237.22,5
P0399,Modern Gourmet Popcorn,Food,Brown,12.53,11,Ellis Inc,525.58,35
P0400,Essential Pillow,Home Decor,Red,19.24,10,Kent PLC,393.06,86
P0401,Luxury Truffle,Food,Pink,18.74,11,Michael Ltd,686.53,5
P0402,Modern Cookbook,Books,White,13.24,12,Odom Inc,195.55,17
P0403,Premium Pillow,Home Decor,Green,14.78,XL,Crawford Group,836.2,28
P0404,Trendy Art Set,Toys,Blue,2.69,XS,Wolfe and Sons,621.03,11
P0405,Modern Phone Case,Accessories,Purple,18.27,M,Christensen Group,933.98,30
P0406,Premium Gaming Console,Electronics,Green,1.4,One Size,Hart Ltd,249.4,25
P0407,Essential Novel,Books,Yellow,4.71,L,"Guzman, Sanchez and Fernandez",614.72,31
P0408,Eco-friendly Candle Holder,Home Decor,Blue,7.85,5,"Hinton, Chavez and Rivera",10.38,100
P0409,Innovative Self-Help Book,Books,Pink,4.95,5,Coleman Inc,38.73,100
P0410,Classic Sunglasses,Accessories,Brown,13.44,5,Jones-Ortega,726.53,48
P0411,Innovative Drone,Electronics,Orange,3.32,10,Henderson Group,216.54,69
P0412,Innovative Drone,Electronics,Orange,2,12,Davis-Lee,73.4,25
P0413,Trendy TV,Electronics,Pink,0.52,XL,Garcia LLC,729.28,36
P0414,Elegant Cookbook,Books,Yellow,15.19,5,"Smith, Chapman and Jones",338.93,88
P0415,Classic Drone,Electronics,White,6.93,5,Davis-Carr,63.09,53
P0416,Classic Lipstick,Beauty,Purple,12.23,11,"Ellis, Collier and Mcclure",832.74,84
P0417,Premium Truffle,Food,Brown,18.1,XS,Graham Group,636.74,26
P0418,Essential Phone Case,Accessories,Brown,18.97,XL,Greer-White,368.21,35
P0419,Elegant Cufflinks,Jewelry,Pink,18.86,XL,Jefferson-Gomez,851.26,12
P0420,Premium Hair Dryer,Beauty,Pink,16.58,One Size,Powers-Brown,764.4,84
P0421,Classic Chocolate Bar,Food,Silver,10.78,11,Fuller Group,269.93,6
P0422,Premium Umbrella,Accessories,Brown,12.97,M,Bell and Sons,902.54,57
P0423,Durable Tennis Racket,Sports,Brown,18.3,XS,Smith and Sons,724.51,6
P0424,Essential Puzzle,Toys,Yellow,11.3,M,Williams-Young,925.11,15
P0425,Elegant Bicycle,Sports,Orange,12.92,L,Edwards-Singleton,624.65,84
P0426,Trendy Handbag,Accessories,Green,4.99,5,Dixon Inc,582.2,48
P0427,Modern Perfume,Beauty,Blue,13.21,10,Harvey-Smith,743.42,25
P0428,Premium Handbag,Accessories,Purple,12.32,S,Gonzalez Group,33.77,90
P0429,Innovative Bicycle,Sports,Orange,5.91,11,Martin-Rocha,465.46,72
P0430,Classic Phone Case,Accessories,Brown,15.55,12,"Green, Harris and Nelson",32.57,69
P0431,Classic Biography,Books,Gray,7.17,8,Stevens-Williams,38.29,58
P0432,Essential Tiara,Jewelry,Purple,7.09,S,"Moreno, Brooks and Terry",240.23,92
P0433,Classic Tie,Accessories,Gold,19.52,10,Gonzales Group,709.85,13
P0434,Premium Picture Frame,Home Decor,Black,7.38,10,Kim Group,959.06,20
P0435,Durable Lipstick,Beauty,Purple,8.65,S,"Maddox, Webb and Sanders",774.42,40
P0436,Classic Plant Pot,Home Decor,Blue,10.79,11,"Santana, Simmons and Clark",865.66,85
P0437,Elegant Eyeshadow Palette,Beauty,White,15.94,12,Golden LLC,312.79,9
P0438,Innovative Earrings,Jewelry,Pink,4.54,8,"Rivera, Foster and Jones",883.64,34
P0439,Essential Golf Clubs,Sports,Purple,7.4,7,Gardner Group,56.06,75
P0440,Essential Face Mask,Beauty,Gold,13.53,8,Price PLC,825.09,98
P0441,Innovative Watch,Jewelry,White,18.15,XS,Johnson Group,348.98,100
P0442,Essential Pillow,Home Decor,Green,6.73,9,Turner Inc,334.48,46
P0443,Classic Spice Set,Food,Blue,3.4,6,"Patterson, Morgan and Johns",383.27,97
P0444,Innovative Clock,Home Decor,Yellow,14.98,XL,"Harper, Costa and Johnson",113.98,20
P0445,Eco-friendly Mascara,Beauty,Orange,1.62,L,Keller-Porter,712.09,10
P0446,Innovative Cufflinks,Jewelry,Blue,19.38,XS,Barrett Ltd,886.62,32
P0447,Premium Vase,Home Decor,Green,14.87,M,Robinson-Washington,900.53,43
P0448,Premium Gloves,Accessories,Gold,19.77,XS,Ortiz-Yang,345.44,86
P0449,Essential Smartwatch,Electronics,Gold,10.52,L,Walton-Williamson,654.59,69
P0450,Elegant Necklace,Jewelry,Silver,7.83,One Size,Lewis-Allen,391.37,53
P0451,Durable Chocolate Bar,Food,White,18.71,9,Jones-Nguyen,623.44,24
P0452,Durable Plant Pot,Home Decor,Yellow,18.31,11,Henry-Montgomery,804.28,54
P0453,Eco-friendly Clock,Home Decor,Red,19.04,11,"Carter, Herrera and Gonzales",135.69,35
P0454,Modern Building Blocks,Toys,Yellow,6.51,5,Cherry-Mckee,414.63,100
P0455,Essential Skateboard,Sports,Blue,16.89,XL,"Buchanan, Hawkins and Arnold",120.57,33
P0456,Elegant Phone Case,Accessories,Pink,10.74,S,Abbott Group,296.45,23
P0457,Modern Pants,Clothing,Pink,13.01,XXL,Taylor-Chen,759.21,47
P0458,Elegant Nail Polish,Beauty,Yellow,17.31,XS,"Porter, Rodgers and Henry",606.33,54
P0459,Eco-friendly Art Book,Books,Black,18.28,M,"Flores, Williams and Wagner",242.79,9
P0460,Elegant Chocolate Bar,Food,Red,19.87,L,"Gallagher, Robinson and Jones",428.77,2
P0461,Innovative Bracelet,Jewelry,Blue,1.44,8,"Daniels, Avila and Carrillo",722.39,4
P0462,Essential Earrings,Jewelry,White,16.97,XS,"Lewis, Edwards and Johnson",798.57,62
P0463,Innovative Sunglasses,Accessories,Black,6.62,8,Spence-Kirk,182.45,78
P0464,Premium Gloves,Accessories,Pink,5.25,One Size,"Ibarra, Morris and Stevens",309.9,41
P0465,Modern Dress,Clothing,Orange,6.84,XS,Hall-Burns,894.1,88
P0466,Essential Yoga Mat,Sports,Brown,15.97,S,Yang PLC,296.63,35
P0467,Luxury Tiara,Jewelry,Gold,14.17,11,Clark PLC,431.35,56
P0468,Elegant Lipstick,Beauty,Silver,10.88,M,"Simmons, Wilson and Marshall",975.67,59
P0469,Innovative Gaming Console,Electronics,White,13.81,XS,Hill-Carrillo,229.11,47
P0470,Innovative Scarf,Accessories,Silver,16.13,XL,"Patterson, Hunter and Scott",693.9,92
P0471,Eco-friendly Laptop,Electronics,Gray,12.88,11,Booker Inc,495.84,20
P0472,Classic History Book,Books,Blue,6.88,5,Ingram-Martin,799.85,35
P0473,Modern Stuffed Animal,Toys,Purple,2.89,One Size,"Fowler, Jones and Miranda",12.77,84
P0474,Classic Remote Control Car,Toys,Pink,9.39,XXL,Reyes Ltd,246.16,40
P0475,Premium Caviar,Food,Orange,17.23,XL,Herring-Hubbard,376.04,40
P0476,Classic Truffle,Food,Black,18.44,One Size,Parker LLC,169.1,76
P0477,Elegant Eyeshadow Palette,Beauty,Purple,1.45,M,"Cordova, Nunez and Nelson",649.87,38
P0478,Essential Sunglasses,Accessories,Green,13.54,XS,Lewis-Rodriguez,589.78,37
P0479,Modern Bracelet,Jewelry,Blue,5.24,S,Miller LLC,490.72,73
P0480,Eco-friendly Face Mask,Beauty,Purple,1.16,XS,Peck-Douglas,89.92,59
P0481,Innovative Pillow,Home Decor,Orange,4.3,12,Gordon-Smith,149.96,86
P0482,Elegant Mascara,Beauty,Blue,10.65,M,Turner-Reyes,41.29,4
P0483,Luxury Soccer Ball,Sports,White,8.59,XXL,"Nelson, Thomas and Hudson",867.4,99
P0484,Trendy Lipstick,Beauty,Black,13.93,5,Glass PLC,327.99,58
P0485,Eco-friendly Basketball,Sports,Gray,8.11,M,Wright and Sons,752.11,68
P0486,Eco-friendly Phone Case,Accessories,Green,18.53,7,"James, Snyder and Powers",502.46,87
P0487,Innovative Vase,Home Decor,Blue,3.53,XS,"Molina, Black and Nelson",973.15,55
P0488,Classic Board Game,Toys,Blue,14.11,12,Harvey LLC,840.6,0
P0489,Eco-friendly Self-Help Book,Books,Red,13.4,XS,"Wilson, Luna and Young",171.89,74
P0490,Innovative Vase,Home Decor,Silver,19.86,XL,"Pena, Wilson and May",956.89,17
P0491,Classic Puzzle,Toys,Blue,12.02,XS,Holmes and Sons,449.76,65
P0492,Elegant Gourmet Popcorn,Food,Gold,18.23,11,Stewart-Webb,951.08,94
P0493,Essential Moisturizer,Beauty,Gray,18.88,9,"Erickson, Scott and Martinez",126.38,92
P0494,Classic Coat,Clothing,Blue,17.55,10,"Pitts, Green and Mcdonald",922.72,18
P0495,Innovative Speaker,Electronics,Gray,3.81,XL,"Bonilla, Garcia and Sherman",727.91,74
P0496,Luxury Action Figure,Toys,Purple,12.55,XXL,May Inc,79.1,79
P0497,Elegant Hat,Accessories,Brown,16.91,S,Kim Inc,175.59,48
P0498,Premium Laptop,Electronics,Gold,0.49,9,Chambers-Holmes,442.07,96
P0499,Classic Handbag,Accessories,Pink,8.35,12,Klein Group,645.28,41
P0500,Trendy Smartwatch,Electronics,Black,6.68,12,Scott-Moore,76.36,95
P0501,Eco-friendly Necklace,Jewelry,Gray,6.1,XXL,Lane Group,480.72,34
P0502,Elegant Dress,Clothing,White,5.1,11,"Ramsey, Austin and Hensley",705.36,35
P0503,Innovative Mascara,Beauty,Pink,0.48,8,Olson LLC,566.1,97
P0504,Classic Dress,Clothing,Brown,13.34,XS,Sanders and Sons,733.27,64
P0505,Classic Scarf,Accessories,Silver,1.45,9,"Davis, Bates and Bradford",409.6,1
P0506,Durable Lamp,Home Decor,Orange,4.71,One Size,Wright PLC,391.32,24
P0507,Premium Smartwatch,Electronics,Black,17.61,7,Duffy-Simpson,761.48,100
P0508,Modern Bracelet,Jewelry,Yellow,0.27,12,"Smith, Dawson and Holland",589.85,51
P0509,Essential Dress,Clothing,Red,19.19,12,Martin Ltd,448.84,51
P0510,Modern Picture Frame,Home Decor,Blue,15.62,XL,"Valentine, Webb and Hall",416.25,73
P0511,Modern Rug,Home Decor,Green,4.59,9,Choi PLC,631.85,54
P0512,Durable Laptop,Electronics,Silver,0.81,S,Howe-Reyes,741.98,27
P0513,Essential Earrings,Jewelry,Silver,2.33,L,Jennings Inc,152.92,90
P0514,Trendy Novel,Books,Gray,8.87,M,Holland PLC,743.48,11
P0515,Essential Spice Set,Food,Red,6.02,8,Chapman-Flores,810.87,15
P0516,Classic Drone,Electronics,Yellow,7.38,M,Robinson-Poole,993.81,94
P0517,Modern Pillow,Home Decor,Orange,10.34,11,"Schaefer, Tate and Cohen",377.69,96
P0518,Premium Lipstick,Beauty,White,8.12,XL,Andrews-Franco,474.61,1
P0519,Premium Remote Control Car,Toys,Red,13.62,11,Villegas-Scott,445.43,87
P0520,Luxury Gloves,Accessories,Blue,17.38,11,"Blair, Ward and Moon",995.8,72
P0521,Trendy Tennis Racket,Sports,Orange,11.25,One Size,Fischer and Sons,149.47,76
P0522,Eco-friendly Art Set,Toys,Pink,9.25,XS,"Wilson, Trujillo and Adams",444.3,2
P0523,Essential Plant Pot,Home Decor,Red,4.47,8,Stone and Sons,497.47,22
P0524,Trendy Scarf,Accessories,Silver,19.3,L,"Brown, Patton and Spencer",212.09,11
P0525,Luxury Charm,Jewelry,Orange,4.72,XL,"Kirby, Lambert and Harrell",737.17,57
P0526,Trendy Picture Frame,Home Decor,Blue,19.95,5,"Weber, Holt and Williams",441.79,65
P0527,Classic Hair Dryer,Beauty,Green,18.24,12,"Moore, Bailey and Johnston",380.09,71
P0528,Durable Jeans,Clothing,Pink,8.11,8,"Lopez, Marshall and Ayala",852.06,84
P0529,Luxury Jacket,Clothing,Green,8.48,One Size,"Smith, Simmons and Coleman",366.03,83
P0530,Essential Science Kit,Toys,Gold,9.29,XXL,"Patterson, Lin and Coleman",509.33,52
P0531,Eco-friendly Dress,Clothing,Silver,16.42,5,Lee Inc,970.1,29
P0532,Eco-friendly Tiara,Jewelry,White,7.05,9,"Wong, Johnson and Porter",328.34,33
P0533,Modern Poetry Collection,Books,Pink,4.74,5,Peterson and Sons,546.4,19
P0534,Eco-friendly Basketball,Sports,Pink,3.91,6,Smith-Lawson,756.84,31
P0535,Luxury Tiara,Jewelry,Gold,17.89,M,Bartlett Ltd,395.59,0
P0536,Innovative Candle Holder,Home Decor,Yellow,16.84,M,Avila-Weeks,393.63,55
P0537,Premium Nail Polish,Beauty,White,8.7,S,Blake LLC,389.45,69
P0538,Trendy Bracelet,Jewelry,Green,6.1,8,Welch PLC,319.99,43
P0539,Eco-friendly Dumbbell Set,Sports,Purple,18.39,10,Long Inc,732.4,97
P0540,Eco-friendly Coat,Clothing,Silver,1.45,XS,Werner Group,42.88,20
P0541,Classic Coat,Clothing,Purple,18.31,5,Vargas and Sons,555.13,73
P0542,Innovative Smartphone,Electronics,Green,1.38,11,Shah-Santos,285.56,31
P0543,Essential Board Game,Toys,Green,14.19,5,Singh-Drake,790.78,40
P0544,Durable Swimsuit,Sports,Silver,19.18,S,Wright Ltd,35.58,36
P0545,Eco-friendly Clock,Home Decor,Gray,13.39,8,"Lopez, Wallace and Garcia",341.86,42
P0546,Modern Play Kitchen,Toys,Gold,18.92,XL,Jones-Williams,482.34,27
P0547,Trendy Sweater,Clothing,Silver,14,XL,Newton-Duke,432.87,12
P0548,Trendy Tennis Racket,Sports,Purple,5.18,8,Mathews and Sons,917.53,59
P0549,Eco-friendly TV,Electronics,Yellow,7.99,7,Figueroa and Sons,184.15,100
P0550,Essential Rug,Home Decor,Purple,3.9,11,Valdez-Villarreal,927.43,96
P0551,Luxury Necklace,Jewelry,Yellow,14.23,XS,Lewis and Sons,161.25,95
P0552,Modern Smartwatch,Electronics,Pink,3.76,9,"Edwards, Fox and Edwards",214.55,39
P0553,Essential Stuffed Animal,Toys,Yellow,3.36,9,Allen-Rodriguez,985.59,41
P0554,Elegant Spice Set,Food,Green,17.8,S,Miller and Sons,556.96,89
P0555,Modern Soccer Ball,Sports,Purple,13.79,XL,Patterson Inc,492.68,57
P0556,Essential Olive Oil,Food,Green,1.06,5,Wyatt-Green,510.28,64
P0557,Luxury Yoga Mat,Sports,Purple,6.04,12,Cowan Ltd,487.39,9
P0558,Durable Earrings,Jewelry,Purple,14.07,6,"Anderson, Hopkins and Stevens",724.74,33
P0559,Classic Tie,Accessories,Red,14.83,10,Ashley Inc,926.35,34
P0560,Modern Biography,Books,Gray,19.39,One Size,Gallegos-Walker,275.46,89
P0561,Eco-friendly Pants,Clothing,Silver,18.21,10,White-Fisher,489.99,81
P0562,Elegant Phone Case,Accessories,Black,3.37,XXL,Brown Inc,547.82,27
P0563,Essential Basketball,Sports,Green,17.32,XL,"Harris, Foley and Wade",96.33,26
P0564,Modern History Book,Books,Green,5.68,9,"Fisher, Murray and Rodriguez",542.33,87
P0565,Innovative Watch,Jewelry,Silver,0.84,12,Smith Group,318.22,89
P0566,Durable Artisan Cheese,Food,Green,11.89,XXL,"Lee, Lopez and Houston",389.38,14
P0567,Modern Organic Tea,Food,Pink,16.56,7,"Atkinson, King and Flores",382.3,30
P0568,Luxury Face Mask,Beauty,White,1.7,One Size,Aguilar and Sons,513.46,47
P0569,Elegant Pillow,Home Decor,Red,6.09,XS,Moran PLC,617.99,45
P0570,Classic Watch,Jewelry,Gray,9.95,One Size,"Murray, Ruiz and Miller",812.57,18
P0571,Innovative Vase,Home Decor,Red,1.14,5,Keller-Obrien,804.87,29
P0572,Classic Pillow,Home Decor,Silver,4.18,10,Cabrera-Romero,752.68,52
P0573,Modern Golf Clubs,Sports,Yellow,19.68,5,Werner-Moreno,39.89,17
P0574,Luxury Clock,Home Decor,Blue,10.4,7,"May, Miller and Chavez",924.79,39
P0575,Luxury History Book,Books,Red,5.96,M,Drake and Sons,208.09,48
P0576,Innovative Handbag,Accessories,Blue,2.09,M,Banks-Riggs,872.47,63
P0577,Luxury Drone,Electronics,Gray,15.13,XXL,"Williams, Norris and Watson",936,56
P0578,Essential Action Figure,Toys,Pink,19.4,L,Briggs Group,275.19,10
P0579,Classic Gourmet Coffee,Food,Red,19.84,6,Washington-Moreno,349.29,87
P0580,Durable Sweater,Clothing,Green,6.65,6,Green Group,790.24,34
P0581,Eco-friendly Smartphone,Electronics,Orange,2.94,L,"Jones, Cole and Richard",642.58,83
P0582,Eco-friendly Phone Case,Accessories,Brown,9.33,5,Jackson LLC,298.62,72
P0583,Innovative Earrings,Jewelry,Purple,17.26,XXL,Austin-Hurst,992.87,46
P0584,Innovative Headphones,Electronics,White,4.16,L,Wright-Myers,584.91,66
P0585,Modern Face Cream,Beauty,Yellow,6.58,5,"Rich, Richards and Robinson",881.58,45
P0586,Trendy Tie,Accessories,White,16.99,One Size,"Huff, Nelson and Hanna",628.76,17
P0587,Essential Skateboard,Sports,Brown,13.98,S,Compton-Weaver,855.61,4
P0588,Classic Biography,Books,Blue,15.34,XXL,Gardner-George,388.91,48
P0589,Essential Perfume,Beauty,Black,1.52,XS,Diaz-Rocha,275.2,67
P0590,Essential Face Mask,Beauty,Brown,6.14,11,Foster-Murphy,792.69,75
P0591,Classic Sweater,Clothing,Silver,8.45,7,Hughes-Ward,994.84,20
P0592,Trendy Tablet,Electronics,Pink,4.83,XS,Williams Inc,780.28,18
P0593,Premium Caviar,Food,Silver,6.68,6,Green Ltd,270.2,71
P0594,Innovative Cookbook,Books,Green,11.63,XXL,Jones-Scott,451.39,48
P0595,Premium Phone Case,Accessories,Blue,14.25,XL,Walker and Sons,207.99,64
P0596,Elegant Skirt,Clothing,Gold,1.69,6,"Cruz, Vazquez and Washington",34.87,27
P0597,Durable Action Figure,Toys,Green,10.96,L,Crosby-Flowers,537.29,47
P0598,Essential Watch,Jewelry,Red,6.06,11,"Sanders, Joseph and Browning",99.45,74
P0599,Premium Candle Holder,Home Decor,White,1.04,One Size,"Love, Lewis and Liu",886.9,96
P0600,Durable Camera,Electronics,Gray,8.59,9,Alexander-Coleman,741.92,84
P0601,Essential Building Blocks,Toys,Silver,15.99,XS,"Williams, Peterson and Hall",983.77,46
P0602,Trendy Science Kit,Toys,Yellow,18.68,8,"Trujillo, Weaver and Brooks",511.65,68
P0603,Essential Spice Set,Food,Pink,14.02,XXL,Russell-Taylor,586.81,94
P0604,Eco-friendly Face Cream,Beauty,Yellow,15.93,L,Johnson-Morgan,512.82,55
P0605,Trendy Vase,Home Decor,Purple,7.51,S,Newman-Harper,553.5,44
P0606,Durable Novel,Books,Orange,1.96,8,"Barnes, White and Henderson",995.94,32
P0607,Elegant Art Book,Books,Orange,1.63,XS,Thomas-Rodriguez,141.65,80
P0608,Durable Mirror,Home Decor,Silver,13.84,12,"Collins, Zuniga and Cochran",267.61,54
P0609,Elegant Nail Polish,Beauty,Purple,18.04,One Size,Mcguire-Martin,198.78,52
P0610,Trendy Umbrella,Accessories,Pink,12.73,12,Atkinson-Lane,763.36,44
P0611,Trendy Cufflinks,Jewelry,Silver,17.23,7,Moses Ltd,132.12,65
P0612,Modern Science Kit,Toys,Pink,6.01,XXL,Davis PLC,284.85,71
P0613,Luxury Umbrella,Accessories,Pink,0.67,M,Sellers-Hernandez,171.93,82
P0614,Luxury Plant Pot,Home Decor,Yellow,8.14,7,"Woods, Bailey and Bradley",298.58,3
P0615,Durable Science Kit,Toys,Black,4.25,XL,Sawyer PLC,646.71,11
P0616,Trendy Blouse,Clothing,Silver,13.11,One Size,Perez Ltd,610.59,54
P0617,Elegant Running Shoes,Sports,Silver,9.7,S,"Baker, Reeves and Robinson",624.47,78
P0618,Classic Jacket,Clothing,Red,5.27,8,Vazquez-Edwards,886.66,77
P0619,Innovative Tie,Accessories,Brown,12.67,L,Simpson-Warren,798.45,29
P0620,Luxury Dress,Clothing,Purple,17.48,11,Singh and Sons,368.79,85
P0621,Luxury Moisturizer,Beauty,Red,9.8,XL,"Young, Mcknight and Burns",357.98,27
P0622,Classic Poetry Collection,Books,Red,19.49,7,Larson LLC,927.21,89
P0623,Eco-friendly Sunglasses,Accessories,Yellow,18.15,8,"Nguyen, Smith and Butler",704.62,77
P0624,Eco-friendly Wall Art,Home Decor,Brown,14.46,10,"Fuller, Hernandez and Irwin",297.25,78
P0625,Trendy Children's Book,Books,White,4.2,10,"Flores, Cisneros and Walls",248.07,27
P0626,Essential Pants,Clothing,Black,6.44,10,Griffin-Ramirez,798.01,5
P0627,Innovative Lamp,Home Decor,White,11.79,5,Matthews and Sons,762.16,47
P0628,Trendy Novel,Books,Gray,3.19,6,Adams-Davis,142.84,6
P0629,Trendy Children's Book,Books,Red,10.39,M,Harvey Inc,711.48,90
P0630,Elegant Hair Dryer,Beauty,Pink,15.86,10,Curtis-Blevins,14.23,51
P0631,Premium Novel,Books,Brown,17.61,5,"Gonzalez, Bruce and Phillips",590.66,39
P0632,Durable Stuffed Animal,Toys,Pink,3.68,S,Larsen-Harris,548.56,42
P0633,Trendy Coat,Clothing,Yellow,4.51,12,Golden Ltd,658.62,68
P0634,Innovative Bracelet,Jewelry,Purple,1.25,XXL,"Phillips, Rodriguez and Daniel",546.79,52
P0635,Essential Hair Dryer,Beauty,White,17.2,12,"Bentley, Giles and Le",424.85,3
P0636,Innovative Poetry Collection,Books,Gray,13.45,XXL,Coleman and Sons,599.06,7
P0637,Essential Eyeshadow Palette,Beauty,Green,4.74,M,"Clay, Mckinney and Martinez",528.18,84
P0638,Eco-friendly Plant Pot,Home Decor,Purple,17.39,XL,Garcia Inc,58.67,54
P0639,Durable Anklet,Jewelry,White,0.77,7,Washington and Sons,721.09,65
P0640,Eco-friendly Perfume,Beauty,Yellow,18.4,10,"Hutchinson, Hardy and Payne",583.24,35
P0641,Elegant Charm,Jewelry,Gray,2.14,One Size,Ramos Ltd,548.66,4
P0642,Essential Children's Book,Books,Gray,18.14,9,Dean-Delacruz,474.42,35
P0643,Durable Tablet,Electronics,Purple,13.7,6,Wang-Fernandez,983.17,5
P0644,Classic Action Figure,Toys,Gray,10.62,9,Ortiz and Sons,457.54,41
P0645,Durable Plant Pot,Home Decor,Red,2.99,L,"Werner, Brooks and French",256.78,100
P0646,Innovative Jacket,Clothing,Pink,11.72,S,"Lee, Andrews and Young",976.92,73
P0647,Durable Bracelet,Jewelry,Pink,9.66,XL,"Green, Becker and Roach",975.23,87
P0648,Durable Science Kit,Toys,Pink,17.15,One Size,Coleman Group,671.96,19
P0649,Eco-friendly Shirt,Clothing,Orange,18.8,One Size,"Berry, Hall and Watkins",251.92,73
P0650,Classic Bracelet,Jewelry,Silver,3.13,8,Bowers-Herman,349.01,81
P0651,Elegant Travel Guide,Books,Red,2.31,XL,Howard Inc,354.88,24
P0652,Innovative Olive Oil,Food,Yellow,10.67,8,Cooper-Campbell,339.91,18
P0653,Premium Smartwatch,Electronics,Blue,19.44,S,Boyer Ltd,272.96,62
P0654,Modern Play Kitchen,Toys,Silver,16.13,S,"Ellis, Thompson and Poole",979.07,74
P0655,Modern Gourmet Coffee,Food,Gray,5.48,XL,Hughes-Steele,930.13,31
P0656,Innovative Basketball,Sports,Purple,17.3,XXL,Cook-Kim,235.56,5
P0657,Modern Moisturizer,Beauty,Yellow,8.61,10,"Estrada, Evans and Reynolds",708.33,45
P0658,Trendy Art Book,Books,Blue,3.35,12,Gonzales-Davis,733.93,24
P0659,Elegant Drone,Electronics,Green,2.03,L,Miller-Holmes,99.95,29
P0660,Modern Cookbook,Books,Black,8.65,One Size,"Flores, Allen and Boyd",518.48,10
P0661,Premium Golf Clubs,Sports,Green,6.81,10,"Wilkinson, Woodard and Howard",560.93,20
P0662,Premium Necklace,Jewelry,Red,1.48,XXL,Brown LLC,798.16,74
P0663,Eco-friendly Gloves,Accessories,Yellow,15.19,S,Lambert-Robertson,173.27,85
P0664,Essential Pants,Clothing,Gold,11.64,12,Mccormick-Alvarez,397.51,1
P0665,Innovative Biography,Books,Gold,3.65,XXL,"Swanson, Hubbard and Williams",972.9,13
P0666,Durable Jeans,Clothing,Red,1.84,S,Wells-Randolph,514.33,50
P0667,Modern Spice Set,Food,Gray,5.96,5,Lowery-Higgins,649.16,18
P0668,Classic Stuffed Animal,Toys,Red,1.34,M,Mason-Baker,865.74,91
P0669,Classic Pants,Clothing,Brown,13.56,L,"Jackson, Ballard and Henry",233.35,40
P0670,Premium Anklet,Jewelry,White,2.47,XL,"Olsen, Duffy and Davis",308.58,66
P0671,Premium Headphones,Electronics,Brown,12.85,XL,Reese LLC,96.33,16
P0672,Modern Poetry Collection,Books,Yellow,5.69,6,Fox LLC,585.23,22
P0673,Elegant Running Shoes,Sports,Green,17.82,6,"Mccarty, Chapman and Petersen",401.59,58
P0674,Premium Caviar,Food,Orange,0.81,M,Ochoa Inc,696.29,68
P0675,Eco-friendly Face Mask,Beauty,White,5.86,11,Carter-Randall,787.48,18
P0676,Eco-friendly Science Fiction,Books,Silver,15.42,11,Taylor-Gonzalez,698.93,73
P0677,Classic Plant Pot,Home Decor,Pink,18.83,7,"Crosby, Garcia and Arellano",267.49,21
P0678,Luxury Running Shoes,Sports,Red,5.91,L,Wright-Todd,237.58,47
P0679,Modern Scarf,Accessories,Purple,8.85,6,Mills-Young,505.08,61
P0680,Eco-friendly Picture Frame,Home Decor,Brown,1.37,XXL,Sparks and Sons,38.11,68
P0681,Durable Hat,Accessories,Black,19.55,S,"Chavez, Jones and Thomas",571.61,68
P0682,Premium Eyeshadow Palette,Beauty,Pink,17.16,12,Willis Group,375.35,34
P0683,Classic Puzzle,Toys,Orange,14.58,One Size,Nash Ltd,76.12,95
P0684,Elegant Watch,Jewelry,Blue,16.01,9,Marshall-Blankenship,943.73,25
P0685,Essential Bicycle,Sports,Black,1.57,L,Nguyen-Hill,792.6,24
P0686,Innovative Umbrella,Accessories,Black,15.27,One Size,Williams Ltd,825.17,55
P0687,Luxury Action Figure,Toys,Yellow,12.6,5,Lopez-Nunez,917.99,68
P0688,Eco-friendly Picture Frame,Home Decor,Silver,10.41,11,"Everett, Harris and Duarte",408.57,98
P0689,Innovative Brooch,Jewelry,Brown,6.95,5,"Harris, Escobar and Martinez",498.96,17
P0690,Eco-friendly Face Mask,Beauty,Gray,16.69,7,"Cross, Mills and Smith",47.35,71
P0691,Trendy Dumbbell Set,Sports,Brown,7,7,Hopkins-Peterson,745.63,81
P0692,Luxury Novel,Books,Gray,16.68,6,"Thompson, Palmer and Gardner",348.85,57
P0693,Trendy Watch,Jewelry,Brown,12.75,7,"Norman, Martinez and Meyers",609.54,77
P0694,Innovative Cufflinks,Jewelry,Red,3.43,8,Chandler LLC,451.46,99
P0695,Elegant Wallet,Accessories,Pink,9.91,L,Jones Inc,449.45,60
P0696,Luxury Children's Book,Books,Yellow,6.35,XS,"Harvey, Maxwell and Ramsey",696.81,21
P0697,Innovative Blouse,Clothing,Orange,19.3,10,Gonzalez Ltd,26.83,25
P0698,Eco-friendly Cookbook,Books,Gold,6.01,XXL,Miles-Morales,740.84,0
P0699,Luxury Picture Frame,Home Decor,Purple,1.99,11,Lane-Thomas,201.3,77
P0700,Innovative Suit,Clothing,White,4.95,12,Monroe-Cooper,844.44,57
P0701,Classic Tiara,Jewelry,Black,2.25,5,White Group,486.47,9
P0702,Durable Truffle,Food,Gold,16.46,S,"Rodriguez, Martin and Miller",113.87,8
P0703,Eco-friendly Hair Dryer,Beauty,Pink,7.81,One Size,"Wilkins, Garcia and Reed",213.53,45
P0704,Elegant Plant Pot,Home Decor,Purple,12.43,8,Smith LLC,256.17,85
P0705,Trendy Phone Case,Accessories,Orange,6.06,9,Castaneda Inc,387.85,66
P0706,Trendy Smartphone,Electronics,Gold,15.63,5,"Howard, Fisher and Hansen",408.43,63
P0707,Innovative Soccer Ball,Sports,Silver,19.53,7,Miller Group,277.96,54
P0708,Trendy Perfume,Beauty,Pink,6.79,S,Thomas-Marshall,324.58,5
P0709,Eco-friendly Gloves,Accessories,Orange,16.11,S,Hansen and Sons,938.66,70
P0710,Eco-friendly Suit,Clothing,Blue,18.57,7,"Brown, Baldwin and Burton",419.08,31
P0711,Classic Suit,Clothing,Gold,14.98,XS,"Mclaughlin, Taylor and Davies",160.77,58
P0712,Trendy Action Figure,Toys,White,15.24,XXL,"Dunn, Davis and Jones",657.54,63
P0713,Luxury Sweater,Clothing,Brown,17.79,9,Davis LLC,46.98,89
P0714,Modern Earrings,Jewelry,White,19.49,9,Roth Inc,780.5,85
P0715,Durable Shampoo,Beauty,Orange,19.61,XL,Riley-Humphrey,163.29,16
P0716,Luxury Dress,Clothing,Orange,0.16,12,Johnson Inc,154.07,86
P0717,Premium Science Fiction,Books,Red,9.72,6,Wilson-Burton,296.89,7
P0718,Durable Spice Set,Food,Red,4.69,6,Jones-Mendez,391.79,49
P0719,Essential Chocolate Bar,Food,Red,1.87,12,Burton-Marshall,543.37,56
P0720,Trendy Necklace,Jewelry,White,7.16,8,"Richardson, Williams and Watts",391.02,32
P0721,Innovative Smoked Salmon,Food,Yellow,5.42,10,"Kim, Martinez and Jackson",892.75,100
P0722,Classic Nail Polish,Beauty,Silver,15.98,11,Johnson Inc,11.9,86
P0723,Trendy Dress,Clothing,Gold,6.37,One Size,"Garcia, Patterson and Guzman",424.5,44
P0724,Essential Necklace,Jewelry,Silver,11.92,XL,Thomas-Taylor,375.22,90
P0725,Eco-friendly Umbrella,Accessories,Black,16.32,9,Torres Inc,450.01,40
P0726,Trendy Candle Holder,Home Decor,White,1.23,XXL,Reeves Ltd,279.53,86
P0727,Premium Truffle,Food,Silver,17.82,XXL,"Richards, Yoder and Shannon",824.17,19
P0728,Modern Puzzle,Toys,Orange,5.31,XL,Johnson Group,632.74,75
P0729,Elegant Skirt,Clothing,Black,10.49,8,"Beltran, Moore and Turner",269.41,63
P0730,Premium Running Shoes,Sports,Red,11.32,XL,Spencer Ltd,56.44,58
P0731,Classic Bicycle,Sports,Orange,7.71,8,"Cox, Knight and Fox",467.63,1
P0732,Eco-friendly Perfume,Beauty,Purple,18.64,XS,Vega LLC,591.08,1
P0733,Eco-friendly Cufflinks,Jewelry,Brown,15.92,M,"Johnson, Reid and Osborne",525.44,75
P0734,Elegant Ring,Jewelry,Gray,4.07,M,Barnett LLC,727.29,15
P0735,Luxury Tennis Racket,Sports,Gold,10.93,One Size,"Maxwell, Petersen and Thompson",134.02,33
P0736,Premium Dumbbell Set,Sports,Orange,17.9,10,Stevens and Sons,618.26,49
P0737,Essential Tennis Racket,Sports,Pink,12.7,One Size,"Coleman, Phillips and Johnston",264.25,31
P0738,Innovative Gourmet Coffee,Food,Blue,1.7,11,"Hamilton, Ray and Cruz",639.28,47
P0739,Luxury Skirt,Clothing,Green,7.35,11,Thompson LLC,18.92,47
P0740,Essential Board Game,Toys,Brown,11.78,10,"Malone, Moore and Mccoy",430.88,77
P0741,Classic Mascara,Beauty,Red,1.84,XL,Taylor-Gomez,702.35,69
P0742,Classic Drone,Electronics,Black,6.8,12,Edwards PLC,14.48,96
P0743,Trendy Camera,Electronics,Gold,19.75,S,"Lowery, Smith and Gallagher",766.8,45
P0744,Modern Remote Control Car,Toys,Red,15.39,9,"Henderson, Herrera and Mckenzie",680.37,75
P0745,Elegant Nail Polish,Beauty,Blue,7.09,10,Lee-Mathis,846.75,12
P0746,Innovative Watch,Jewelry,Pink,9.89,XS,"Lee, Baker and Li",742.68,34
P0747,Essential Suit,Clothing,Pink,1.15,7,Cobb Inc,324.75,74
P0748,Durable Nail Polish,Beauty,Brown,19.06,12,Zhang Ltd,649.29,21
P0749,Premium Smartphone,Electronics,Blue,6.88,One Size,Klein-Smith,622.55,37
P0750,Modern Cufflinks,Jewelry,Green,16.85,10,Nichols Group,60.74,97
P0751,Elegant Headphones,Electronics,Yellow,16.59,9,Levy PLC,909.75,17
P0752,Elegant Lipstick,Beauty,Pink,19.84,5,Reese Group,436.15,4
P0753,Modern Spice Set,Food,Green,10.22,L,"Rosario, Garrison and Marsh",25.75,78
P0754,Trendy Shampoo,Beauty,Yellow,11.78,5,Morgan Ltd,126.48,96
P0755,Premium Skirt,Clothing,White,19.1,S,Day-Combs,914.78,40
P0756,Eco-friendly Drone,Electronics,Red,19.21,L,Foster LLC,240.19,94
P0757,Classic Art Set,Toys,Orange,17.53,6,Mccullough LLC,152.93,87
P0758,Eco-friendly Organic Tea,Food,White,11.38,6,Lee-Bailey,804.7,17
P0759,Luxury Handbag,Accessories,White,12.21,S,Hughes-Perez,70.3,3
P0760,Elegant Smartwatch,Electronics,Gold,15.92,12,Campbell Group,212.86,91
P0761,Durable Self-Help Book,Books,Red,10.94,L,Spence-Roberts,932.01,16
P0762,Trendy Action Figure,Toys,White,0.11,M,"Mcdaniel, Miller and Jackson",974.01,19
P0763,Innovative Tennis Racket,Sports,Orange,13.99,XS,"Roberts, Rice and Mercado",114.46,13
P0764,Essential Candle Holder,Home Decor,Green,19.23,10,Raymond and Sons,976.33,38
P0765,Modern TV,Electronics,Brown,4.87,7,Ford Inc,463.07,28
P0766,Durable Chocolate Bar,Food,Red,5.32,5,"Chavez, Hughes and Neal",482.94,54
P0767,Classic Olive Oil,Food,Brown,15.94,XL,Herman LLC,527.14,49
P0768,Elegant Brooch,Jewelry,White,19.34,7,Martinez-Garcia,315.14,81
P0769,Luxury Belt,Accessories,Yellow,1.86,11,Griffin PLC,467.22,4
P0770,Essential Action Figure,Toys,Gray,5.22,10,Allen Ltd,555.26,92
P0771,Premium Action Figure,Toys,Pink,19.83,S,Richards-Walker,396.37,100
P0772,Classic Wallet,Accessories,Yellow,14.7,XL,"Thomas, Perez and Chambers",597.99,25
P0773,Eco-friendly Tie,Accessories,Red,10.01,S,Simmons-Martin,746.85,88
P0774,Durable Art Book,Books,Gray,0.62,M,Mueller-Webster,713.4,84
P0775,Elegant Hair Dryer,Beauty,White,10.97,XXL,Hampton Ltd,252.25,26
P0776,Modern Gourmet Popcorn,Food,Black,1.45,12,"Hunter, Stone and Santiago",174.82,69
P0777,Luxury Blouse,Clothing,Red,3.36,S,Rodriguez Ltd,200.87,35
P0778,Essential Jeans,Clothing,Red,1.52,11,"Willis, Jones and Silva",397.79,22
P0779,Eco-friendly Earrings,Jewelry,Black,9.15,7,Sloan Group,106.18,62
P0780,Luxury Phone Case,Accessories,Orange,0.73,6,"Humphrey, Pierce and Ryan",907.72,96
P0781,Luxury Anklet,Jewelry,Blue,7.27,9,Mcdonald-Gregory,312.16,14
P0782,Classic Speaker,Electronics,Yellow,1.61,9,Hodge PLC,690.75,72
P0783,Elegant Gourmet Coffee,Food,Yellow,14.13,S,Wang Inc,390.97,78
P0784,Premium Perfume,Beauty,Pink,15.3,6,Smith LLC,306.63,25
P0785,Premium Jacket,Clothing,Purple,19.89,8,Kerr LLC,379.32,59
P0786,Trendy Tie,Accessories,Green,4.94,XL,"Morris, Harper and Kelly",385.89,12
P0787,Elegant Artisan Cheese,Food,Gray,2.36,XL,"Franklin, Wright and Morales",318.84,4
P0788,Elegant Laptop,Electronics,Yellow,0.55,11,Ross Inc,703.91,13
P0789,Modern Camera,Electronics,Red,16.98,5,Gomez-Griffin,679.26,80
P0790,Innovative Science Kit,Toys,Brown,19.85,12,Fitzgerald-Armstrong,325.16,68
P0791,Premium Bracelet,Jewelry,Silver,11.19,8,Romero-Weaver,733.49,95
P0792,Luxury Nail Polish,Beauty,Blue,11.9,M,Hunter Ltd,721.19,88
P0793,Trendy Puzzle,Toys,Blue,5.94,One Size,"Barker, Torres and Taylor",331.81,69
P0794,Elegant Moisturizer,Beauty,Black,4.1,One Size,Young-Chavez,226.27,39
P0795,Durable Tennis Racket,Sports,Blue,14.45,11,Wilson Group,159.75,70
P0796,Innovative Action Figure,Toys,Purple,14.11,12,"Bolton, Stanley and Tucker",966.24,84
P0797,Elegant Chocolate Bar,Food,Gray,16.77,S,Mathis-Gonzalez,526.17,100
P0798,Premium Rug,Home Decor,Yellow,7.85,S,Lawson-Little,978.11,87
P0799,Modern Stuffed Animal,Toys,White,15.43,9,"Snyder, Henry and Gilbert",565.83,24
P0800,Modern Belt,Accessories,Gold,9.57,9,Mejia Inc,702.1,8
P0801,Trendy Necklace,Jewelry,Red,7.51,M,Lewis Inc,479.34,0
P0802,Trendy Moisturizer,Beauty,Red,9.59,12,"Sanchez, Green and Stanley",565.51,39
P0803,Essential Doll,Toys,Pink,5.25,12,"Oconnor, Morris and Abbott",20.13,50
P0804,Innovative Laptop,Electronics,Green,8.69,7,Kennedy-Flores,142.23,69
P0805,Luxury Tiara,Jewelry,Orange,10.34,9,"Caldwell, Pineda and Braun",212.8,58
P0806,Classic Sunglasses,Accessories,Yellow,4.31,8,Frederick-Turner,137.63,35
P0807,Modern History Book,Books,Green,12.11,XS,"Davis, Hickman and Bell",783.35,49
P0808,Luxury Phone Case,Accessories,Gray,14.22,M,Wright-Evans,88.85,61
P0809,Modern Mirror,Home Decor,White,4.91,11,Henderson-Bruce,360.91,3
P0810,Luxury Gourmet Coffee,Food,Blue,6.6,12,Morse-Richards,798.34,74
P0811,Modern Yoga Mat,Sports,Pink,10.48,6,Anderson-Wilson,371.56,13
P0812,Premium Wallet,Accessories,Brown,5.5,10,"Patel, Williams and Baker",839.19,37
P0813,Eco-friendly Mirror,Home Decor,White,4.97,9,Jones-Day,754.98,16
P0814,Durable Art Book,Books,Green,2.35,5,Smith-King,771.19,53
P0815,Classic Pants,Clothing,Yellow,2.73,XS,Hammond Inc,614.42,82
P0816,Essential Children's Book,Books,Pink,11.15,XXL,"Jackson, Ryan and Castillo",8.6,88
P0817,Luxury Moisturizer,Beauty,Blue,12.35,L,Davidson Inc,155.71,67
P0818,Modern Board Game,Toys,Green,1.21,L,Hernandez Group,917.52,95
P0819,Innovative Doll,Toys,Orange,4.55,One Size,"Pope, Roberts and Tran",908.64,4
P0820,Luxury Self-Help Book,Books,Red,16.77,11,"Hernandez, Stewart and Henderson",320.42,32
P0821,Elegant Smoked Salmon,Food,Gold,4.43,XS,Flores LLC,459.5,31
P0822,Luxury Olive Oil,Food,Orange,5.86,6,Mcclure PLC,777.6,36
P0823,Premium Chocolate Bar,Food,Gray,5.72,One Size,"Thomas, Thompson and Blair",747.13,50
P0824,Trendy Drone,Electronics,Silver,14,5,"Hogan, Johnson and White",809.95,38
P0825,Luxury TV,Electronics,Red,6.88,12,Long-Harris,794.24,11
P0826,Trendy Skateboard,Sports,Orange,18.57,XXL,"Gomez, Wood and Reyes",583.06,18
P0827,Innovative Rug,Home Decor,Black,10.23,12,"Cordova, Kidd and Hebert",731.79,86
P0828,Trendy Lipstick,Beauty,Blue,11.41,8,Schroeder-Alvarado,229.14,50
P0829,Durable Laptop,Electronics,Red,12.1,XS,"Scott, Johnston and Merritt",693.18,20
P0830,Premium Blouse,Clothing,Brown,10.26,7,Rojas LLC,983.52,55
P0831,Classic Belt,Accessories,Blue,14.07,XXL,Harris Inc,407.6,82
P0832,Elegant Ring,Jewelry,Yellow,17.44,10,"Russell, Rojas and Sullivan",899.21,6
P0833,Innovative TV,Electronics,Gray,18.42,11,Pratt-Campbell,615.6,11
P0834,Luxury Tennis Racket,Sports,Red,12.15,One Size,Schneider LLC,855.99,46
P0835,Eco-friendly Plant Pot,Home Decor,Red,4.48,11,Ramos and Sons,725.99,5
P0836,Durable Sweater,Clothing,Black,5.24,XS,"Ferguson, Tyler and Barnes",819.33,97
P0837,Modern Smartphone,Electronics,Purple,9.35,M,Watkins-Castillo,383.5,51
P0838,Premium Jeans,Clothing,Purple,13.96,S,"Nelson, Davis and Chambers",901.34,9
P0839,Elegant Running Shoes,Sports,Green,9.56,9,David-Ward,590.24,70
P0840,Innovative Shampoo,Beauty,Black,12.55,10,Black-Rivers,417.2,24
P0841,Premium Poetry Collection,Books,Silver,10.36,8,Castillo Inc,726.65,72
P0842,Luxury Plant Pot,Home Decor,Pink,0.98,XL,"Lowery, Moore and Black",576.03,86
P0843,Innovative Jacket,Clothing,Yellow,15.54,7,Gonzalez-Tucker,54.03,54
P0844,Innovative Gaming Console,Electronics,Silver,16.4,XS,Miller-Fernandez,272.43,84
P0845,Premium Gourmet Popcorn,Food,Green,18.84,XS,Perez-Perez,372.97,16
P0846,Essential Laptop,Electronics,Green,7.45,XL,Lopez-Miller,691.6,85
P0847,Premium Poetry Collection,Books,Yellow,0.69,8,"Johnson, Burns and Cox",208.06,57
P0848,Trendy History Book,Books,Green,17.26,9,Mendez-Howard,810.05,43
P0849,Modern Anklet,Jewelry,Purple,19.74,6,"Reynolds, Bullock and Martinez",89.87,48
P0850,Essential Science Kit,Toys,Gray,18.7,S,Brooks LLC,740.44,3
P0851,Premium Shampoo,Beauty,Purple,14.97,XS,"Hernandez, Cowan and Wilson",343.26,61
P0852,Durable Swimsuit,Sports,Orange,14.3,5,Jackson-Clark,164.06,37
P0853,Premium Cufflinks,Jewelry,Blue,2.24,6,Lucero-Benitez,78.56,79
P0854,Luxury Jacket,Clothing,Orange,5.47,XXL,Porter and Sons,709.3,27
P0855,Luxury Charm,Jewelry,Gray,9.77,L,Johnson-Berry,34.94,11
P0856,Luxury Tablet,Electronics,White,9.52,10,"Patton, Tyler and Miller",56.25,43
P0857,Classic Camera,Electronics,Brown,5.48,XS,Goodman Group,318.16,56
P0858,Essential Poetry Collection,Books,Black,14.43,12,Molina-Nash,236.57,24
P0859,Modern Olive Oil,Food,Gold,1.66,9,Coleman Group,823.04,92
P0860,Classic Blouse,Clothing,Gold,8.52,M,"Schneider, Gomez and Fuller",110.35,48
P0861,Classic Earrings,Jewelry,Gray,18.67,XS,Johnson-Myers,780.12,42
P0862,Modern Mirror,Home Decor,Black,14.02,9,Whitaker and Sons,99.64,61
P0863,Luxury Travel Guide,Books,Purple,10.45,S,Thompson Ltd,543.83,69
P0864,Durable Charm,Jewelry,Gold,18.7,XXL,Martinez-Pace,153.98,79
P0865,Innovative Lamp,Home Decor,Red,9.91,8,Lamb Inc,47.2,13
P0866,Elegant Necklace,Jewelry,Green,15.55,7,King-Todd,864.43,73
P0867,Classic Moisturizer,Beauty,Green,8.18,10,"Wilson, Williams and Hoover",454.09,63
P0868,Durable Board Game,Toys,Silver,15.26,XL,Brown-Floyd,144.88,100
P0869,Essential Mirror,Home Decor,Black,6.45,XS,Salinas Ltd,155.41,60
P0870,Elegant Moisturizer,Beauty,Silver,6.7,L,Wright-May,987.27,62
P0871,Elegant Anklet,Jewelry,Gray,14.91,12,Mercer and Sons,558.21,81
P0872,Innovative Art Set,Toys,Pink,9.27,XS,"Perry, Richardson and Meyer",42.87,54
P0873,Luxury Stuffed Animal,Toys,Brown,3.81,6,"Ford, Chavez and Hayes",859.79,45
P0874,Premium Cookbook,Books,Gray,3.73,9,"Lopez, Davidson and Dawson",864.4,29
P0875,Premium Vase,Home Decor,Brown,4.81,12,Johnson-Jenkins,322.96,64
P0876,Premium Picture Frame,Home Decor,White,13.83,7,Black-Bright,866.11,92
P0877,Elegant Perfume,Beauty,Silver,14.39,S,Roberts Inc,753.34,13
P0878,Eco-friendly Headphones,Electronics,Purple,4.87,S,Blankenship PLC,506.99,18
P0879,Trendy Play Kitchen,Toys,Silver,7.25,L,"Riggs, Brooks and Webb",610.49,71
P0880,Classic Smoked Salmon,Food,Blue,18.63,One Size,Smith-Allen,61.94,69
P0881,Innovative Handbag,Accessories,Green,7.08,L,Roberts-Ross,280.19,77
P0882,Premium Science Fiction,Books,White,19.95,M,"Carey, Floyd and Powell",900.85,60
P0883,Classic Puzzle,Toys,Blue,11.72,M,"Woods, Stanley and Wheeler",637.46,58
P0884,Elegant Bracelet,Jewelry,Purple,19.58,M,"Knight, Owen and Olson",689.94,26
P0885,Classic Candle Holder,Home Decor,Purple,14.83,S,Humphrey-Hicks,912.47,76
P0886,Modern Puzzle,Toys,Yellow,19.5,M,Flowers Inc,484.28,15
P0887,Elegant Vase,Home Decor,Green,17.01,8,Malone Inc,502.58,75
P0888,Durable Smartwatch,Electronics,Gold,4.54,8,"Richardson, Jones and Graham",573.48,84
P0889,Premium Tablet,Electronics,Red,11.05,XS,"Bailey, Cunningham and Kelly",971.81,64
P0890,Eco-friendly Necklace,Jewelry,Gold,10.42,7,Cline-Barnett,230.82,43
P0891,Durable Sweater,Clothing,Red,2.59,10,"Burch, Thompson and Middleton",567.02,75
P0892,Elegant Earrings,Jewelry,Brown,10.35,7,Richards-Guerrero,692.06,86
P0893,Premium Truffle,Food,Green,1.69,5,Cole Ltd,886.28,9
P0894,Modern Tennis Racket,Sports,Black,10.76,9,"Snyder, Murray and Melendez",202.34,11
P0895,Eco-friendly Belt,Accessories,Purple,11.44,L,Tran Ltd,145.1,53
P0896,Modern Novel,Books,Red,14.24,10,Morales PLC,386.83,77
P0897,Essential Truffle,Food,Brown,9.71,6,"Davidson, King and Newton",620.96,80
P0898,Premium Art Set,Toys,White,13.36,XXL,Boone and Sons,266.88,69
P0899,Luxury Charm,Jewelry,Red,9.12,11,Maldonado Inc,29.93,67
P0900,Premium Biography,Books,Green,1.52,One Size,Myers-Dean,97.16,61
P0901,Elegant Organic Tea,Food,Silver,10.28,10,Johnson-King,880.21,52
P0902,Durable Spice Set,Food,Gray,0.9,12,Lewis LLC,366.94,94
P0903,Luxury Laptop,Electronics,Black,7.81,7,"Brown, Knight and Adams",352.8,11
P0904,Eco-friendly Rug,Home Decor,Silver,2.4,S,Day-Jones,764.9,34
P0905,Elegant Phone Case,Accessories,Black,5.49,One Size,"Thornton, Stanton and Carey",466.56,32
P0906,Innovative Plant Pot,Home Decor,Gold,11.93,5,"Lopez, Sandoval and Robinson",26.23,49
P0907,Durable Picture Frame,Home Decor,Purple,8.11,8,Richards Inc,659.93,16
P0908,Luxury Lipstick,Beauty,Yellow,4.65,11,White Group,110.74,98
P0909,Innovative Lamp,Home Decor,Pink,19.29,One Size,Hunt-Savage,74.56,51
P0910,Trendy Tablet,Electronics,White,6.03,S,"Patrick, Hopkins and Mccullough",904.45,76
P0911,Eco-friendly Gourmet Popcorn,Food,Pink,5.36,9,Phillips-Wells,309.01,0
P0912,Eco-friendly Handbag,Accessories,Purple,3.14,XL,Harrington-Franklin,174.73,66
P0913,Modern Olive Oil,Food,Yellow,14.38,XS,"Allen, Choi and Williams",762.69,55
P0914,Premium Art Set,Toys,Green,16.22,XS,Evans-Coleman,963.47,32
P0915,Durable Sweater,Clothing,Gray,17.71,7,Potter-Ponce,443.49,32
P0916,Durable Smoked Salmon,Food,Blue,6.82,6,Mason-Ho,518.31,55
P0917,Luxury Gaming Console,Electronics,Blue,2.07,5,"Cox, Greene and Anderson",337.69,48
P0918,Classic Gaming Console,Electronics,Yellow,10.08,11,Nielsen PLC,358.14,72
P0919,Premium Rug,Home Decor,Red,13.95,10,"Hall, Rodriguez and Ewing",143.1,38
P0920,Innovative Headphones,Electronics,Yellow,8.24,10,"Hodges, Fox and Smith",518.74,96
P0921,Elegant Organic Tea,Food,Orange,16.57,XS,Mejia Group,509.6,56
P0922,Luxury Artisan Cheese,Food,Pink,7.43,10,Bennett Inc,892.82,67
P0923,Trendy Anklet,Jewelry,Orange,4.08,L,"Ayers, Brown and Mcpherson",938.38,16
P0924,Innovative Science Kit,Toys,White,16.93,7,Holmes-Patterson,196.61,38
P0925,Premium Art Book,Books,Orange,0.28,11,"Spencer, Porter and Kent",701.14,9
P0926,Premium Sunglasses,Accessories,White,14.18,One Size,Perry PLC,493.48,16
P0927,Durable Vase,Home Decor,Purple,19.65,11,"Carroll, Forbes and Hogan",335,86
P0928,Essential Cufflinks,Jewelry,White,17.7,9,Rodriguez-Brown,682.34,94
P0929,Trendy Soccer Ball,Sports,Blue,5.83,XS,"Freeman, Bartlett and Smith",416.09,86
P0930,Essential Smoked Salmon,Food,White,10.27,XL,"Mason, Lester and Thomas",428.39,18
P0931,Luxury Dumbbell Set,Sports,Gray,12.52,XS,Reilly PLC,60.26,47
P0932,Trendy Earrings,Jewelry,Blue,17.23,M,"Elliott, Keller and Weaver",43.53,11
P0933,Elegant Tennis Racket,Sports,Yellow,10.02,L,"Austin, Wade and Carr",261.56,33
P0934,Essential Smoked Salmon,Food,Brown,6.99,One Size,Rodriguez-Fleming,194.57,51
P0935,Elegant Scarf,Accessories,White,1.58,10,Jackson-Lee,401.75,56
P0936,Modern Smoked Salmon,Food,White,18.98,7,Jennings-Davis,579.74,98
P0937,Durable Headphones,Electronics,Pink,6.27,XS,Jones-Payne,12.94,85
P0938,Trendy Shampoo,Beauty,Silver,4.69,S,Montgomery LLC,586.68,2
P0939,Essential Lamp,Home Decor,Green,3.58,XXL,Schroeder-Harding,635.5,61
P0940,Premium Poetry Collection,Books,Gold,12.07,S,Jones Inc,474.98,0
P0941,Modern Rug,Home Decor,Green,1.69,S,"Scott, Powell and Stewart",377.97,20
P0942,Elegant Tie,Accessories,Orange,17.9,M,"Mejia, Jones and Smith",44.72,76
P0943,Elegant Tennis Racket,Sports,Yellow,12.64,7,Morris Group,631.44,56
P0944,Luxury Brooch,Jewelry,Green,10.34,7,"White, Santiago and Thompson",774.53,94
P0945,Elegant Biography,Books,Gold,9.8,L,Arias Inc,882.6,19
P0946,Elegant Yoga Mat,Sports,Gray,3.84,M,Morrison-Perez,440.02,54
P0947,Classic Cookbook,Books,Orange,7.02,11,Garcia-Madden,351.3,20
P0948,Premium Building Blocks,Toys,Gray,18.41,5,"Navarro, Nelson and Rodriguez",859.64,45
P0949,Trendy Scarf,Accessories,Red,8.96,XS,"Torres, Hobbs and Rivera",22.07,32
P0950,Modern Tiara,Jewelry,Yellow,18.49,One Size,"Howe, Mejia and Payne",395.91,100
P0951,Modern Pillow,Home Decor,Red,0.12,6,Valdez LLC,45.14,88
P0952,Innovative Clock,Home Decor,Yellow,19.99,S,Harding-Wagner,260.36,92
P0953,Elegant Artisan Cheese,Food,Blue,2.85,8,"Ochoa, Rodriguez and Miller",52.78,20
P0954,Innovative Organic Tea,Food,Purple,18.48,7,Ward-Walls,432.27,57
P0955,Classic Action Figure,Toys,Blue,12.83,S,"Mcgee, Duran and Larson",674.42,34
P0956,Innovative Soccer Ball,Sports,Red,9.29,XL,Ramos-Wolfe,490.76,13
P0957,Essential Lipstick,Beauty,Pink,2,XXL,"Reyes, Dunlap and Church",153.91,86
P0958,Eco-friendly Moisturizer,Beauty,Orange,18.58,L,Freeman PLC,22.4,16
P0959,Classic Candle Holder,Home Decor,Red,6.01,6,Burton-Griffin,810.16,49
P0960,Essential Swimsuit,Sports,Green,12.36,XS,Rodriguez-Gomez,120.62,38
P0961,Luxury Building Blocks,Toys,Gold,8.72,12,Griffin-Rose,133.49,83
P0962,Elegant Yoga Mat,Sports,Red,19.49,M,Dixon Inc,52.34,1
P0963,Durable Building Blocks,Toys,Green,11.56,S,Spencer PLC,727.79,14
P0964,Durable Sweater,Clothing,Orange,4.9,M,"Brown, Quinn and Ramirez",599.78,80
P0965,Trendy Bicycle,Sports,White,1.65,9,Miller PLC,941.06,22
P0966,Classic Poetry Collection,Books,Gold,15.94,11,Benson and Sons,624.3,12
P0967,Modern Eyeshadow Palette,Beauty,Orange,9.59,10,Dunlap-Owens,171.72,33
P0968,Innovative Belt,Accessories,Purple,10.37,One Size,"Martin, Ballard and Hill",751.18,37
P0969,Premium Dress,Clothing,Orange,7.99,One Size,Baird Ltd,660.59,24
P0970,Trendy Truffle,Food,Black,14.79,10,Brown-Miller,764.86,88
P0971,Innovative Smartphone,Electronics,Green,19.95,L,Yu Group,661.24,99
P0972,Modern Coat,Clothing,Silver,17.51,XL,Alvarado-Evans,95.95,46
P0973,Eco-friendly Belt,Accessories,Yellow,10.22,One Size,Griffin LLC,20.36,74
P0974,Innovative Coat,Clothing,Gray,5.09,5,"Robinson, Mason and Lawrence",257.06,94
P0975,Trendy Wallet,Accessories,White,19.96,One Size,"Schneider, Stone and Ortiz",826.69,65
P0976,Luxury Swimsuit,Sports,Red,3.61,One Size,Garcia Inc,464.45,67
P0977,Classic Scarf,Accessories,Purple,7.06,8,"Young, Berg and Greene",600.02,70
P0978,Essential Sunglasses,Accessories,Brown,13.09,11,Mejia Ltd,585.85,99
P0979,Trendy Wallet,Accessories,Blue,19.83,XS,"Perry, Adams and Long",566.18,87
P0980,Essential Smartphone,Electronics,Blue,18.57,XL,"Ferrell, Wilson and Chandler",15.79,82
P0981,Durable Basketball,Sports,Green,12.21,10,Becker-Christensen,539.67,65
P0982,Durable Yoga Mat,Sports,Gold,2.95,M,Roberts-Watson,598.46,60
P0983,Classic Stuffed Animal,Toys,White,3.5,11,Larson LLC,971.31,79
P0984,Innovative TV,Electronics,Red,7.9,XL,"Bishop, Phelps and Hanson",117.42,92
P0985,Essential Eyeshadow Palette,Beauty,Blue,18.37,7,Peterson-Blake,533.34,69
P0986,Eco-friendly Speaker,Electronics,Gray,3.69,XL,"Vance, Stevenson and Jordan",384.54,44
P0987,Luxury Dumbbell Set,Sports,Orange,9.27,6,Rose-Hill,306.48,53
P0988,Trendy Dress,Clothing,Red,9.61,M,Hughes-Barrera,383.06,45
P0989,Luxury Sweater,Clothing,Gray,10.6,M,"Bailey, Rodriguez and Robertson",162.86,60
P0990,Durable Soccer Ball,Sports,Blue,11.84,S,Heath-Long,229.66,15
P0991,Premium Mascara,Beauty,Brown,12.1,L,Fitzpatrick LLC,426.25,7
P0992,Innovative Pants,Clothing,Gold,0.94,One Size,"Mercer, Jones and Schroeder",574.02,58
P0993,Essential Dress,Clothing,Orange,11.16,11,Tapia and Sons,653.35,88
P0994,Eco-friendly Rug,Home Decor,Gold,15.01,XXL,Morris-Day,135.5,2
P0995,Innovative Yoga Mat,Sports,Orange,17.32,S,Cruz-Goodwin,322.85,3
P0996,Elegant Face Mask,Beauty,Yellow,2.13,5,"Boyd, Ellis and Ewing",208.58,59
P0997,Modern Shirt,Clothing,Yellow,16.17,10,Alvarez Group,326.41,52
P0998,Eco-friendly Puzzle,Toys,White,16.53,8,Berry LLC,361.79,82
P0999,Premium Jeans,Clothing,Purple,1.21,8,Hawkins and Sons,313.94,89
P1000,Modern Remote Control Car,Toys,Yellow,7.15,One Size,"Sanchez, Barrett and Koch",355.69,27